customer_id,Country,Customer_Segment,Business_Revenue,Churn_Propensity_Score,Risk_Tier,Actual_Churn_Status
9215,USA,61,0,0.9917134404726566,High Risk,1
6984,India,59,0,0.007801917467649537,Low Risk,0
2627,USA,36,0,0.9911759566401246,High Risk,1
3443,India,60,0,0.007801917467649537,Low Risk,0
8387,Canada,36,0,0.9930489134401317,High Risk,1
5166,Japan,25,0,0.012167193808414196,Low Risk,0
1493,India,58,0,0.007801917467649537,Low Risk,0
510,Brazil,40,0,0.959052056618032,High Risk,1
3010,Brazil,70,0,0.99947614497284,High Risk,1
6198,India,47,0,0.9856907137922534,High Risk,1
4668,USA,19,0,0.7645708824001721,High Risk,1
2990,Brazil,27,0,0.6226426180072234,Medium Risk,1
9245,Japan,46,0,0.009884273067719654,Low Risk,0
6894,Japan,36,0,0.9994835201950372,High Risk,1
8938,India,27,0,0.9901170389966713,High Risk,1
187,USA,61,0,0.9918894717958038,High Risk,1
8000,Canada,56,0,0.9877555299998652,High Risk,1
7833,Australia,49,0,0.9719993558748166,High Risk,1
2019,UK,70,0,0.9995974020034621,High Risk,1
6192,India,29,0,0.9678179766495413,High Risk,1
1981,Germany,38,0,0.9434774847867877,High Risk,1
2829,USA,32,0,0.5987673167385898,Medium Risk,1
8751,India,42,0,0.9986714920289924,High Risk,1
2301,Australia,55,0,0.9856209319059914,High Risk,1
5560,India,69,0,0.9922675273780348,High Risk,1
6121,Japan,34,0,0.9921875972060213,High Risk,1
8782,Australia,52,0,0.9868109706031812,High Risk,1
9923,South Africa,70,0,0.993283335492527,High Risk,1
8045,UK,44,0,0.9876485615232958,High Risk,1
7433,India,64,0,0.9914523834420125,High Risk,1
8290,USA,64,0,0.9596669680065614,High Risk,1
2608,Canada,60,0,0.00902105434973304,Low Risk,0
810,UK,46,0,0.9922675273780348,High Risk,1
4344,Germany,65,0,0.9873061868981151,High Risk,1
2278,USA,31,0,0.9983604149170486,High Risk,1
3837,France,26,0,0.9889744411704118,High Risk,1
9989,Canada,61,0,0.6284076925644527,Medium Risk,1
2005,Brazil,48,0,0.9645339817853475,High Risk,1
1922,Canada,57,0,0.007823405973473242,Low Risk,0
3327,France,62,0,0.9995974020034621,High Risk,1
88,Australia,49,0,0.008886670451454347,Low Risk,0
2885,Germany,22,0,0.9986714920289924,High Risk,1
6550,India,42,0,0.998415280087275,High Risk,1
9866,Brazil,18,0,0.009527324323005737,Low Risk,0
4851,USA,52,0,0.96924247213616,High Risk,1
150,Germany,70,0,0.9936333648211313,High Risk,1
5962,South Africa,38,0,0.9890409661142479,High Risk,1
3812,Canada,36,0,0.9908884825617942,High Risk,1
534,Australia,36,0,0.9993365387299371,High Risk,1
6831,Canada,34,0,0.9901543200533696,High Risk,1
6514,Australia,37,0,0.9872080621874112,High Risk,1
3674,India,66,0,0.9986714920289924,High Risk,1
5110,USA,63,0,0.9847669405106463,High Risk,1
3539,South Africa,19,0,0.9622964430357946,High Risk,1
4754,Brazil,19,0,0.9656306871564998,High Risk,1
3114,Germany,36,0,0.007823405973473242,Low Risk,0
2953,Canada,41,0,0.007823405973473242,Low Risk,0
5114,UK,22,0,0.009716683356356722,Low Risk,0
3816,South Africa,64,0,0.9877705891862354,High Risk,1
8766,Brazil,32,0,0.9914608765173379,High Risk,1
3938,USA,34,0,0.9899408646530198,High Risk,1
8333,Canada,31,0,0.9985576102205674,High Risk,1
1601,India,69,0,0.007801917467649537,Low Risk,0
3393,Germany,22,0,0.9858489434792694,High Risk,1
7409,Germany,19,0,0.7653968057711202,High Risk,1
3220,UK,25,0,0.9768733356240459,High Risk,1
4395,USA,68,0,0.9984531290918486,High Risk,1
5967,Australia,65,0,0.9761540475605078,High Risk,1
7336,Australia,33,0,0.9986714920289924,High Risk,1
8469,Germany,27,0,0.9860007073252475,High Risk,1
2973,India,56,0,0.9971573279176905,High Risk,1
7185,UK,56,0,0.9535076896926951,High Risk,1
8934,UK,35,0,0.9922675273780348,High Risk,1
2818,USA,30,0,0.9898981081116521,High Risk,1
5386,USA,51,0,0.9911613165819578,High Risk,1
1453,Germany,55,0,0.9872675273780348,High Risk,1
2949,France,47,0,0.9985576102205674,High Risk,1
3792,South Africa,27,0,0.007678165414366712,Low Risk,0
5434,Germany,32,0,0.009213686837452034,Low Risk,0
105,UK,25,0,0.9910369577197998,High Risk,1
6888,India,69,0,0.990725307940628,High Risk,1
3641,Australia,22,0,0.9888679662326784,High Risk,1
9320,UK,29,0,0.9893090074874265,High Risk,1
9131,USA,34,0,0.9613733223377637,High Risk,1
2290,Japan,23,0,0.988783633737905,High Risk,1
8035,Germany,66,0,0.008886670451454347,Low Risk,0
9978,USA,43,0,0.009213686837452034,Low Risk,0
1479,France,55,0,0.9917060148413641,High Risk,1
1347,Japan,31,0,0.9914608765173379,High Risk,1
1878,France,33,0,0.950749518268243,High Risk,1
979,India,70,0,0.9898639280534414,High Risk,1
305,USA,57,0,0.9917714718630602,High Risk,1
2737,Australia,35,0,0.9851876177995024,High Risk,1
5849,Brazil,35,0,0.9914745419883032,High Risk,1
7496,Germany,50,0,0.9901820509075432,High Risk,1
4314,India,68,0,0.9913463093823037,High Risk,1
2174,Canada,50,0,0.9894586626152908,High Risk,1
4228,Brazil,61,0,0.9890408503118432,High Risk,1
8897,Japan,60,0,0.7710505846122166,High Risk,1
4692,UK,59,0,0.9479503786503731,High Risk,1
8868,India,39,0,0.5826340379033373,Medium Risk,1
3880,France,66,0,0.559561308661502,Medium Risk,1
7951,UK,54,0,0.9931907344907,High Risk,1
7922,France,48,0,0.9942244097342332,High Risk,1
658,Japan,21,0,0.9902825620318039,High Risk,1
1956,Australia,22,0,0.9902825620318039,High Risk,1
9314,USA,23,0,0.9940247028025331,High Risk,1
4880,Germany,28,0,0.008886670451454347,Low Risk,0
3599,India,47,0,0.9986714920289924,High Risk,1
5242,India,54,0,0.9900675387185147,High Risk,1
891,Canada,19,0,0.7496006840894778,High Risk,1
3739,USA,70,0,0.9986714920289924,High Risk,1
7948,UK,18,0,0.9983919852701785,High Risk,1
436,Germany,70,0,0.9531562763122798,High Risk,1
4246,Canada,66,0,0.9909316987129305,High Risk,1
5393,USA,23,0,0.9902562687867617,High Risk,1
5091,South Africa,51,0,0.9906965242928102,High Risk,1
1642,Brazil,37,0,0.9922675273780348,High Risk,1
1808,Brazil,29,0,0.008886670451454347,Low Risk,0
6387,Germany,45,0,0.7622149090150413,High Risk,1
2854,Germany,26,0,0.9913318055695372,High Risk,1
546,UK,45,0,0.988734963915696,High Risk,1
2698,India,38,0,0.6477815558790998,Medium Risk,1
8384,USA,65,0,0.9857833748556156,High Risk,1
1813,USA,65,0,0.986859651875966,High Risk,1
8232,USA,68,0,0.9957445330333544,High Risk,1
2776,Australia,38,0,0.9969673564037868,High Risk,1
2824,France,65,0,0.9827700325753913,High Risk,1
7169,India,35,0,0.9971857193409306,High Risk,1
8877,Australia,31,0,0.9913476086549062,High Risk,1
558,France,60,0,0.789641157956688,High Risk,1
618,UK,39,0,0.9897210494951331,High Risk,1
428,Canada,53,0,0.9950804464739851,High Risk,1
2064,Australia,57,0,0.9922675273780348,High Risk,1
3434,Australia,64,0,0.9899607690349719,High Risk,1
5915,Germany,60,0,0.9952817875638056,High Risk,1
7851,Brazil,67,0,0.9646057102622655,High Risk,1
5316,Australia,37,0,0.9995974020034621,High Risk,1
6206,India,42,0,0.9931180297360558,High Risk,1
1149,USA,65,0,0.9895406504613795,High Risk,1
4409,India,22,0,0.9916465353087941,High Risk,1
3663,USA,57,0,0.9585952097050543,High Risk,1
1120,Canada,65,0,0.9501441112939655,High Risk,1
5755,Canada,26,0,0.9924557839214343,High Risk,1
9933,USA,68,0,0.99338079860592,High Risk,1
9767,Brazil,26,0,0.9986714920289924,High Risk,1
792,India,43,0,0.9913476086549062,High Risk,1
358,USA,28,0,0.9875589483051571,High Risk,1
422,USA,34,0,0.9913476086549062,High Risk,1
970,Japan,47,0,0.007823405973473242,Low Risk,0
3798,South Africa,54,0,0.9915397818361835,High Risk,1
5266,South Africa,45,0,0.012678165414366711,Low Risk,0
4512,USA,48,0,0.008341761106386894,Low Risk,0
6238,Germany,42,0,0.9559969606875263,High Risk,1
7404,Brazil,28,0,0.9787523364482152,High Risk,1
4696,South Africa,23,0,0.9631911580023569,High Risk,1
9785,UK,23,0,0.9837439338779795,High Risk,1
1401,USA,68,0,0.9985576102205674,High Risk,1
8502,USA,65,0,0.008900461431106814,Low Risk,0
8857,USA,67,0,0.9917714718630602,High Risk,1
3877,Germany,51,0,0.9918894717958038,High Risk,1
8998,Brazil,21,0,0.9941151859043241,High Risk,1
523,Brazil,37,0,0.9964144830567864,High Risk,1
5419,South Africa,34,0,0.6129175523728645,Medium Risk,0
5487,UK,41,0,0.992260085108599,High Risk,1
1565,Brazil,69,0,0.988656057929167,High Risk,1
6995,Germany,33,0,0.9986714920289924,High Risk,1
6781,UK,38,0,0.9887191311728187,High Risk,1
3177,Canada,31,0,0.7296062307257969,High Risk,1
3915,UK,65,0,0.9922675273780348,High Risk,1
4278,Brazil,18,0,0.007823405973473242,Low Risk,0
6964,USA,29,0,0.5992965145096679,Medium Risk,1
6507,UK,57,0,0.9902439723300682,High Risk,1
4203,India,20,0,0.9913476086549062,High Risk,1
1434,Germany,19,0,0.9994835201950372,High Risk,1
699,Brazil,38,0,0.9936714920289924,High Risk,1
8351,India,33,0,0.9971857193409306,High Risk,1
6543,USA,54,0,0.012510180567128019,Low Risk,0
8396,USA,25,0,0.9918953993324267,High Risk,1
4690,Australia,28,0,0.6558929845952168,Medium Risk,1
514,Canada,47,0,0.9901543200533696,High Risk,1
2513,USA,36,0,0.9918894717958038,High Risk,1
1871,Japan,70,0,0.9629518185428029,High Risk,1
7352,France,57,0,0.9985899304052158,High Risk,1
7266,India,21,0,0.9975154556872506,High Risk,1
5226,Germany,46,0,0.009213686837452034,Low Risk,0
8231,Brazil,56,0,0.9989343747224615,High Risk,1
7411,USA,41,0,0.007823405973473242,Low Risk,0
2167,India,50,0,0.6557480864367825,Medium Risk,1
505,UK,23,0,0.008886670451454347,Low Risk,0
3842,Brazil,50,0,0.9643659029160814,High Risk,1
4950,USA,66,0,0.6157798371872739,Medium Risk,1
7776,Brazil,32,0,0.9921462703474125,High Risk,1
8982,USA,68,0,0.6597789221827598,Medium Risk,1
4387,Brazil,30,0,0.7380880343076,High Risk,1
4334,India,65,0,0.7407334632225385,High Risk,1
1810,USA,69,0,0.9926079736646268,High Risk,1
8720,Brazil,65,0,0.9427932222957446,High Risk,1
986,USA,37,0,0.9900248406269437,High Risk,1
594,India,20,0,0.9613629188337629,High Risk,1
2039,Australia,58,0,0.9912703125140179,High Risk,1
7108,USA,22,0,0.7339298737638038,High Risk,1
3480,France,61,0,0.9941169011722607,High Risk,1
3712,Brazil,66,0,0.9867611605482908,High Risk,1
2184,USA,28,0,0.9910764690714509,High Risk,1
4931,France,54,0,0.6900818516237165,Medium Risk,1
4181,Australia,64,0,0.9878630725394353,High Risk,1
270,Canada,62,0,0.00902105434973304,Low Risk,0
4373,USA,58,0,0.009213686837452034,Low Risk,0
2101,Brazil,51,0,0.988656057929167,High Risk,1
3091,USA,61,0,0.9940586382436478,High Risk,1
7147,Australia,31,0,0.9888209330995246,High Risk,1
7235,USA,58,0,0.9954122292146326,High Risk,1
5194,USA,70,0,0.9897412076726667,High Risk,1
5888,Brazil,49,0,0.008181993134642096,Low Risk,0
8939,India,27,0,0.7148911617613181,High Risk,1
1240,India,35,0,0.5907920432109574,Medium Risk,1
7693,Brazil,65,0,0.950732560248367,High Risk,1
9523,India,38,0,0.9900200312061571,High Risk,1
7681,Japan,42,0,0.9902439723300682,High Risk,1
5290,UK,60,0,0.9967066809303808,High Risk,1
354,India,69,0,0.9985010935118184,High Risk,1
4036,Australia,31,0,0.9986714920289924,High Risk,1
8004,USA,69,0,0.9767859505600369,High Risk,1
7889,USA,52,0,0.009213686837452034,Low Risk,0
6126,Germany,28,0,0.999886118191575,High Risk,1
2638,USA,67,0,0.986788847431686,High Risk,1
6982,India,52,0,0.9984363531899452,High Risk,1
5680,USA,65,0,0.9846536297147297,High Risk,1
8289,Canada,57,0,0.9925186559062048,High Risk,1
4226,India,54,0,0.9864886979195713,High Risk,1
7133,UK,55,0,0.9983392472834235,High Risk,1
8449,Brazil,20,0,0.9927189849847126,High Risk,1
5766,USA,53,0,0.9900248406269437,High Risk,1
5397,UK,66,0,0.9922675273780348,High Risk,1
3109,UK,33,0,0.983393587124009,High Risk,1
8604,Brazil,31,0,0.7934870874257104,High Risk,1
7571,Canada,57,0,0.9519098325367134,High Risk,1
8778,India,37,0,0.007801917467649537,Low Risk,0
3734,India,27,0,0.9925282287110498,High Risk,1
2455,USA,61,0,0.9922675273780348,High Risk,1
5649,USA,34,0,0.9892064365707851,High Risk,1
7709,India,39,0,0.9868138206476357,High Risk,1
3126,India,38,0,0.995438852660443,High Risk,1
2696,Japan,20,0,0.9995974020034621,High Risk,1
16,Germany,52,0,0.944762599712923,High Risk,1
4836,Brazil,42,0,0.9889838093012762,High Risk,1
2912,Germany,39,0,0.9930886133000573,High Risk,1
2107,USA,50,0,0.9870022491443635,High Risk,1
5293,UK,66,0,0.5790611087252858,Medium Risk,1
2222,USA,45,0,0.9725806724181786,High Risk,1
7704,USA,53,0,0.9986714920289924,High Risk,1
4936,Germany,19,0,0.007823405973473242,Low Risk,0
640,Brazil,44,0,0.9985502349983701,High Risk,1
5771,USA,62,0,0.6631077222415541,Medium Risk,1
8342,USA,43,0,0.007619508270533271,Low Risk,0
9263,France,58,0,0.9965010054454614,High Risk,1
9015,USA,42,0,0.9650341648507706,High Risk,1
7528,UK,57,0,0.9920958753632532,High Risk,1
8516,India,51,0,0.007801917467649537,Low Risk,0
2527,USA,70,0,0.9880304943862477,High Risk,1
7591,USA,22,0,0.9986714920289924,High Risk,1
6648,Canada,54,0,0.9910559613747998,High Risk,1
6539,Brazil,55,0,0.9891013660721905,High Risk,1
7243,USA,18,0,0.9986714920289924,High Risk,1
8723,Germany,51,0,0.9992863248915184,High Risk,1
5013,France,61,0,0.006556243792552164,Low Risk,0
2843,Japan,20,0,0.9554856872488802,High Risk,1
5944,Australia,48,0,0.9876088616633703,High Risk,1
9416,Germany,58,0,0.7332162802573343,High Risk,1
5564,USA,68,0,0.007823405973473242,Low Risk,0
8910,India,60,0,0.950176909340941,High Risk,1
3140,Germany,25,0,0.9894586626152908,High Risk,1
3550,France,34,0,0.9628568199651282,High Risk,1
3137,Germany,27,0,0.9986714920289924,High Risk,1
9460,Germany,39,0,0.9871296746327007,High Risk,1
8189,Australia,59,0,0.9849905012141913,High Risk,1
6703,Germany,63,0,0.7476089684473116,High Risk,0
5971,India,32,0,0.9979669252845591,High Risk,1
8657,UK,55,0,0.9659838010492555,High Risk,1
5391,UK,49,0,0.9982951008615203,High Risk,1
7119,Canada,19,0,0.9896163550222097,High Risk,1
5818,Australia,19,0,0.009716683356356722,Low Risk,0
157,India,46,0,0.9581254799674034,High Risk,1
8168,Brazil,64,0,0.99662420680426,High Risk,1
1972,Germany,47,0,0.9986714920289924,High Risk,1
1548,Australia,68,0,0.010334401428685087,Low Risk,0
7044,Germany,18,0,0.7619287368749782,High Risk,0
5833,UK,42,0,0.9904898548366395,High Risk,1
7823,UK,36,0,0.9845328439161257,High Risk,1
3518,Canada,22,0,0.9949413019232719,High Risk,1
4162,USA,40,0,0.9913476086549062,High Risk,1
7508,USA,24,0,0.9820616010744564,High Risk,1
7969,Japan,67,0,0.9897432972636043,High Risk,1
6456,Brazil,61,0,0.9907133357757867,High Risk,1
9402,UK,50,0,0.009213686837452034,Low Risk,0
3818,India,29,0,0.9986714920289924,High Risk,1
701,Japan,21,0,0.9896480690591004,High Risk,1
4539,Canada,44,0,0.9986714920289924,High Risk,1
366,USA,19,0,0.9646498606177891,High Risk,1
1280,Australia,28,0,0.7304389484474314,High Risk,1
2448,India,68,0,0.9914523834420125,High Risk,1
9076,USA,70,0,0.9883603207832921,High Risk,1
7181,USA,65,0,0.9921875972060213,High Risk,1
5308,USA,50,0,0.9909300372637085,High Risk,1
723,Japan,26,0,0.995751134241085,High Risk,1
5216,Australia,61,0,0.007823405973473242,Low Risk,0
6430,Canada,44,0,0.991492083301938,High Risk,1
4603,South Africa,20,0,0.9594598045378646,High Risk,1
10000,India,66,0,0.9922675273780348,High Risk,1
681,Canada,70,0,0.6535683777760284,Medium Risk,1
6906,USA,18,0,0.9723773322230319,High Risk,1
9352,Canada,62,0,0.6923588372716538,Medium Risk,1
5992,USA,45,0,0.7383030133779382,High Risk,1
5815,USA,66,0,0.9625432828100537,High Risk,1
9595,Japan,38,0,0.9880201744918007,High Risk,1
3175,UK,28,0,0.9633281130535171,High Risk,1
973,Brazil,51,0,0.9977989023803779,High Risk,1
6393,USA,24,0,0.9921753290083073,High Risk,1
5625,India,51,0,0.9846705906046337,High Risk,1
5008,USA,46,0,0.9971857193409306,High Risk,1
163,India,24,0,0.9978005522034565,High Risk,1
1863,USA,56,0,0.9672740122958746,High Risk,1
6988,UK,18,0,0.007823405973473242,Low Risk,0
7491,Germany,23,0,0.9877107593197252,High Risk,1
7606,USA,35,0,0.7623049380919832,High Risk,1
7069,USA,32,0,0.008181993134642096,Low Risk,0
8529,USA,40,0,0.9872818452773727,High Risk,1
4351,USA,22,0,0.7010058343393014,High Risk,1
3514,France,52,0,0.986134437476692,High Risk,1
948,Germany,45,0,0.9958991962837144,High Risk,1
6457,Australia,39,0,0.6006711814185366,Medium Risk,1
9672,India,40,0,0.7107941092149983,High Risk,1
4627,Brazil,60,0,0.9884787298398255,High Risk,1
4331,Australia,27,0,0.008886670451454347,Low Risk,0
3987,France,67,0,0.9986714920289924,High Risk,1
2504,Germany,61,0,0.9985576102205674,High Risk,1
3013,USA,41,0,0.9973849689717761,High Risk,1
1065,Brazil,36,0,0.9983728621857908,High Risk,1
1783,India,65,0,0.9526173512333826,High Risk,1
6190,USA,37,0,0.9866186633355456,High Risk,1
2783,India,57,0,0.9867611605482908,High Risk,1
1903,Japan,24,0,0.9982803058629792,High Risk,1
1984,USA,54,0,0.7043696172110218,High Risk,1
4618,Brazil,60,0,0.9539196665306089,High Risk,1
4157,Canada,46,0,0.9952114624778639,High Risk,1
2320,USA,65,0,0.9979867781335231,High Risk,1
4358,Canada,36,0,0.9862902858740994,High Risk,1
4626,India,56,0,0.008341761106386894,Low Risk,0
2690,UK,43,0,0.9901543200533696,High Risk,1
167,USA,56,0,0.9853713266294328,High Risk,1
6522,Germany,39,0,0.9986714920289924,High Risk,1
8288,India,47,0,0.9925203711741415,High Risk,1
7303,India,44,0,0.007801917467649537,Low Risk,0
657,USA,61,0,0.9865042680182985,High Risk,1
1941,USA,45,0,0.010779947834337826,Low Risk,0
3348,Japan,29,0,0.9695660454448456,High Risk,1
1063,UK,58,0,0.9920611238105853,High Risk,1
7941,UK,52,0,0.9831913126296488,High Risk,1
901,Germany,64,0,0.9921316074103068,High Risk,1
9403,USA,26,0,0.6323467012489374,Medium Risk,1
8642,Germany,52,0,0.9650399816680484,High Risk,1
2900,Canada,33,0,0.9936714920289924,High Risk,1
4329,Brazil,65,0,0.9905057798254115,High Risk,1
8948,France,48,0,0.9910369577197998,High Risk,1
2129,India,43,0,0.9922675273780348,High Risk,1
3040,USA,68,0,0.9465440551014268,High Risk,1
4333,Germany,37,0,0.007823405973473242,Low Risk,0
3749,USA,25,0,0.9839606880135061,High Risk,1
5376,Brazil,23,0,0.9899714849198601,High Risk,1
3231,USA,51,0,0.9919543019716894,High Risk,1
5050,Australia,19,0,0.7149194703677785,High Risk,1
5903,Australia,67,0,0.9922675273780348,High Risk,1
1845,India,47,0,0.9922675273780348,High Risk,1
1307,South Africa,32,0,0.9961451683937103,High Risk,1
5090,UK,51,0,0.9592300304459351,High Risk,1
5542,Japan,37,0,0.9933473556248797,High Risk,1
4895,USA,35,0,0.9431219719168916,High Risk,1
6825,USA,22,0,0.9985576102205674,High Risk,1
2984,USA,39,0,0.991030601857455,High Risk,1
458,USA,29,0,0.9971857193409306,High Risk,1
7752,USA,36,0,0.991492083301938,High Risk,1
7124,Germany,57,0,0.9892870106005089,High Risk,1
1374,Brazil,65,0,0.9878687962836277,High Risk,1
8602,Brazil,42,0,0.007823405973473242,Low Risk,0
4518,Japan,27,0,0.9982998817497581,High Risk,1
3543,Australia,21,0,0.9977740264848565,High Risk,1
4859,USA,35,0,0.6807635515346168,Medium Risk,1
4483,Brazil,29,0,0.008886670451454347,Low Risk,0
9454,Brazil,25,0,0.9927082819351033,High Risk,1
5486,Brazil,38,0,0.6786445922906672,Medium Risk,1
4382,UK,39,0,0.9613271919707426,High Risk,1
966,USA,52,0,0.9960003651971137,High Risk,1
3822,Japan,23,0,0.9592347934399595,High Risk,1
8925,India,42,0,0.98518656771048,High Risk,1
1572,Brazil,29,0,0.9557135710633226,High Risk,1
7481,Canada,70,0,0.9986714920289924,High Risk,1
9638,Germany,46,0,0.9897820784760502,High Risk,1
2899,USA,45,0,0.9868846463266516,High Risk,1
2977,Germany,69,0,0.9910369577197998,High Risk,1
2600,Australia,26,0,0.5559268328251954,Medium Risk,1
2730,USA,56,0,0.9960668650032193,High Risk,1
715,Australia,42,0,0.007823405973473242,Low Risk,0
735,USA,46,0,0.997551311054072,High Risk,1
4085,UK,22,0,0.9867922185782777,High Risk,1
9467,Canada,52,0,0.9986714920289924,High Risk,1
7420,USA,19,0,0.7245671870158265,High Risk,1
3740,Brazil,21,0,0.9995974020034621,High Risk,1
1917,South Africa,56,0,0.6570251183326903,Medium Risk,1
6584,USA,38,0,0.9986714920289924,High Risk,1
6911,Germany,66,0,0.9916450309758825,High Risk,1
1668,Brazil,68,0,0.9869801644106982,High Risk,1
9512,USA,57,0,0.9520246616543588,High Risk,1
3197,UK,23,0,0.9922675273780348,High Risk,1
7394,India,54,0,0.9892270458164254,High Risk,1
9205,South Africa,39,0,0.9506875235289816,High Risk,1
7376,Australia,38,0,0.9986714920289924,High Risk,1
8227,France,43,0,0.987368141213834,High Risk,1
5623,USA,30,0,0.9918812974843649,High Risk,1
3483,Japan,49,0,0.009213686837452034,Low Risk,0
7136,India,18,0,0.9916465353087941,High Risk,1
8995,France,68,0,0.9981877663977401,High Risk,1
4083,South Africa,45,0,0.987314016319544,High Risk,1
5400,UK,35,0,0.9856772914644878,High Risk,1
4393,USA,38,0,0.9955571864889967,High Risk,1
6558,India,20,0,0.9873987226748312,High Risk,1
314,Australia,61,0,0.995836731403082,High Risk,1
321,Canada,31,0,0.7347405567847936,High Risk,1
5787,Brazil,28,0,0.9916842747750242,High Risk,1
9666,Germany,51,0,0.9869403311263095,High Risk,1
8153,USA,40,0,0.007823405973473242,Low Risk,0
2893,Japan,18,0,0.007619508270533271,Low Risk,0
6905,Germany,50,0,0.9511748275395523,High Risk,1
9831,UK,69,0,0.9853729798442744,High Risk,1
7778,Canada,39,0,0.9890408503118432,High Risk,1
5571,USA,63,0,0.9581137013370394,High Risk,1
9674,Japan,33,0,0.9942155610439889,High Risk,1
4277,India,68,0,0.009192198331628331,Low Risk,0
4412,France,50,0,0.6169332248923989,Medium Risk,1
2001,India,46,0,0.9935252796944518,High Risk,1
7100,India,67,0,0.9900984170555924,High Risk,1
7034,India,37,0,0.9952114624778639,High Risk,1
8489,Canada,39,0,0.6825246506698677,Medium Risk,1
8354,USA,53,0,0.007823405973473242,Low Risk,0
2739,Japan,46,0,0.9862461429006412,High Risk,1
4537,USA,23,0,0.9991724430830934,High Risk,1
660,USA,50,0,0.9866837797425357,High Risk,1
6293,Germany,54,0,0.9995974020034621,High Risk,1
8258,USA,57,0,0.9616980678080282,High Risk,1
6728,Canada,63,0,0.9947697955388787,High Risk,1
5017,India,30,0,0.013341761106386893,Low Risk,0
8981,Japan,57,0,0.952047893564781,High Risk,1
9339,USA,35,0,0.6080319619357666,Medium Risk,1
3607,Australia,27,0,0.986557629940654,High Risk,1
6697,USA,53,0,0.007823405973473242,Low Risk,0
9145,Canada,43,0,0.9905409577942094,High Risk,1
7970,USA,19,0,0.992327999968333,High Risk,1
2010,USA,40,0,0.011106964220335516,Low Risk,0
2563,South Africa,20,0,0.7257944210240665,High Risk,1
141,Germany,19,0,0.9916450309758825,High Risk,1
789,Brazil,49,0,0.007823405973473242,Low Risk,0
7662,South Africa,59,0,0.9921222868189282,High Risk,1
5059,Canada,46,0,0.9943999225873179,High Risk,1
7276,Canada,45,0,0.9922675273780348,High Risk,1
5067,USA,67,0,0.9922675273780348,High Risk,1
1554,Japan,46,0,0.9564687940538971,High Risk,1
6981,Canada,38,0,0.9879351065377672,High Risk,1
4522,Germany,67,0,0.9886807482496158,High Risk,1
5036,Australia,51,0,0.007823405973473242,Low Risk,0
4065,Brazil,62,0,0.7389809858237126,High Risk,1
8527,Brazil,61,0,0.9998787429693777,High Risk,1
2781,India,47,0,0.9971857193409306,High Risk,1
4885,Australia,57,0,0.9903292913477161,High Risk,1
4515,South Africa,67,0,0.9986714920289924,High Risk,1
2011,USA,30,0,0.9864777703197423,High Risk,1
7408,India,58,0,0.9974988507802012,High Risk,1
6242,USA,48,0,0.007823405973473242,Low Risk,0
2676,Canada,36,0,0.9636340582937973,High Risk,1
6413,Germany,29,0,0.6525154541142765,Medium Risk,1
6570,Germany,69,0,0.9922675273780348,High Risk,1
6531,USA,18,0,0.7258303983020703,High Risk,1
8593,USA,70,0,0.9868799619666517,High Risk,1
4517,Brazil,27,0,0.9511018262248038,High Risk,1
6919,India,60,0,0.991492083301938,High Risk,1
8736,USA,38,0,0.9814654315709264,High Risk,1
4798,Brazil,43,0,0.9963534736101862,High Risk,1
9160,India,51,0,0.9921817546004226,High Risk,1
2502,Canada,18,0,0.957567302062734,High Risk,1
8458,Germany,23,0,1.0,High Risk,1
5987,Australia,47,0,0.991397577850736,High Risk,1
6047,Australia,35,0,0.9499262363695609,High Risk,1
7794,France,56,0,0.008181993134642096,Low Risk,0
409,USA,44,0,0.5864804380465539,Medium Risk,1
6509,France,55,0,0.5801243254916099,Medium Risk,1
3691,Canada,64,0,0.9986714920289924,High Risk,1
3570,Canada,66,0,0.7558843778932288,High Risk,1
4242,France,58,0,0.9928081929905953,High Risk,1
5592,France,32,0,0.983074559708013,High Risk,1
9654,USA,70,0,0.9524761364712298,High Risk,1
2588,USA,69,0,0.011106964220335516,Low Risk,0
7607,Brazil,38,0,0.9979867781335231,High Risk,1
397,Canada,64,0,0.5794716917018063,Medium Risk,1
5813,France,64,0,0.6985432824184896,Medium Risk,0
1179,Germany,21,0,0.9857460279214196,High Risk,1
1620,USA,65,0,0.9889956652487111,High Risk,1
7077,UK,59,0,0.9872899919607357,High Risk,1
3301,Germany,36,0,0.9910369577197998,High Risk,1
7418,Germany,29,0,0.009716683356356722,Low Risk,0
2195,USA,63,0,0.7353656370230998,High Risk,0
6773,UK,44,0,0.9983392472834235,High Risk,1
8457,Germany,69,0,0.9884525191530196,High Risk,1
7101,USA,18,0,0.9634924515636378,High Risk,1
9984,Japan,25,0,0.9995974020034621,High Risk,1
2467,Canada,35,0,0.9914944546937027,High Risk,1
7518,UK,28,0,0.9995974020034621,High Risk,1
8689,USA,67,0,0.9986714920289924,High Risk,1
1215,UK,22,0,0.9872080621874112,High Risk,1
3377,India,31,0,0.9979669252845591,High Risk,1
1990,USA,37,0,0.9994835201950372,High Risk,1
3575,UK,26,0,0.9954945643336578,High Risk,1
3315,Canada,27,0,0.9909316987129305,High Risk,1
2028,Brazil,20,0,0.9994835201950372,High Risk,1
2801,India,47,0,0.9922675273780348,High Risk,1
2413,USA,47,0,0.9831419859876906,High Risk,1
6636,Japan,63,0,0.7291853628388023,High Risk,1
8399,India,54,0,0.9915182933303598,High Risk,1
8829,Canada,24,0,0.9995974020034621,High Risk,1
4966,France,20,0,0.9995974020034621,High Risk,1
6367,USA,38,0,0.990062121683642,High Risk,1
4862,Brazil,70,0,0.5079473862635507,Medium Risk,0
3050,UK,39,0,0.9986714920289924,High Risk,1
188,Germany,45,0,0.9906978960703097,High Risk,1
6899,India,60,0,0.007801917467649537,Low Risk,0
10,India,42,0,0.6039871100032878,Medium Risk,1
2403,Australia,58,0,0.9878102806536083,High Risk,1
9054,USA,68,0,0.9897380099555,High Risk,1
1839,Brazil,37,0,0.9893613346636378,High Risk,1
9696,Germany,31,0,0.9897820784760502,High Risk,1
433,USA,70,0,0.9568743549623965,High Risk,1
9543,USA,66,0,0.9671700221311414,High Risk,1
8418,UK,39,0,0.9907447598462054,High Risk,1
2604,Australia,30,0,0.009884273067719654,Low Risk,0
3623,Australia,53,0,0.9920611238105853,High Risk,1
8733,Brazil,38,0,0.9868109706031812,High Risk,1
5245,India,31,0,0.9986714920289924,High Risk,1
3592,Japan,33,0,0.9889172931030547,High Risk,1
8707,USA,46,0,0.988656057929167,High Risk,1
740,Japan,69,0,0.724514283706725,High Risk,0
2986,UK,31,0,0.948420962363566,High Risk,1
697,UK,57,0,0.9986714920289924,High Risk,1
729,Australia,63,0,0.9870364101726296,High Risk,1
4191,Australia,37,0,0.9907605749921942,High Risk,1
5044,India,41,0,0.9607730113800956,High Risk,1
8097,UK,56,0,0.9957867622072523,High Risk,1
7791,UK,52,0,0.9865699686894697,High Risk,1
7426,USA,66,0,0.9652498201938984,High Risk,1
7590,Canada,20,0,0.973817946359053,High Risk,1
6696,Germany,20,0,0.9868846463266516,High Risk,1
6187,Germany,38,0,0.9584580235061587,High Risk,1
8758,Brazil,61,0,0.9995974020034621,High Risk,1
6155,Canada,61,0,0.9874642519290693,High Risk,1
5718,Japan,44,0,0.9931693529290829,High Risk,1
429,South Africa,31,0,0.9574056748662779,High Risk,1
6005,USA,30,0,0.9541549562260336,High Risk,1
8888,USA,48,0,0.6774462232273651,Medium Risk,1
4977,USA,18,0,0.9891908105669933,High Risk,1
8161,UK,23,0,0.9868846463266516,High Risk,1
1178,India,22,0,0.9832450190784036,High Risk,1
5976,India,60,0,0.9902611244910489,High Risk,1
1902,France,59,0,0.989090819507673,High Risk,1
8273,Brazil,40,0,0.9410789357747522,High Risk,1
5280,UK,24,0,0.9991886887126062,High Risk,1
9926,UK,30,0,0.9924789560462792,High Risk,1
8466,Brazil,50,0,0.5965135742285956,Medium Risk,1
273,USA,60,0,0.7846094692469778,High Risk,0
4337,France,70,0,0.9986714920289924,High Risk,1
2937,USA,31,0,0.6396310650577722,Medium Risk,1
6786,UK,24,0,0.9849687467605329,High Risk,1
7482,India,48,0,0.9904754451831291,High Risk,1
1514,India,42,0,0.007801917467649537,Low Risk,0
7893,India,46,0,0.5884332488195222,Medium Risk,1
8346,UK,45,0,0.9901543200533696,High Risk,1
4560,South Africa,63,0,0.9846892707330217,High Risk,1
283,Germany,45,0,0.9917826499569078,High Risk,1
4632,India,21,0,0.9964673554186112,High Risk,1
7868,USA,40,0,0.9865558105723383,High Risk,1
2267,Japan,19,0,0.9918818103077339,High Risk,1
5960,India,60,0,0.9883969057034581,High Risk,1
5492,India,69,0,0.9922675273780348,High Risk,1
671,Germany,18,0,0.9882784494798581,High Risk,1
9318,France,64,0,0.9825761900956855,High Risk,1
9575,Japan,23,0,0.9868810458014134,High Risk,1
2326,India,65,0,0.9900200312061571,High Risk,1
4088,Germany,29,0,0.9922675273780348,High Risk,1
2052,Japan,23,0,0.9715132080007595,High Risk,1
1437,USA,65,0,0.9892629149018585,High Risk,1
1079,USA,40,0,0.9905816693843263,High Risk,1
2149,USA,56,0,0.9986714920289924,High Risk,1
8268,UK,44,0,0.9878711001015649,High Risk,1
8537,Australia,19,0,0.009213686837452034,Low Risk,0
917,UK,34,0,0.9952114624778639,High Risk,1
7847,UK,44,0,0.9886366801800308,High Risk,1
3316,France,37,0,0.9969271485433248,High Risk,1
3211,USA,58,0,0.009213686837452034,Low Risk,0
1860,Canada,70,0,0.9918911362105627,High Risk,1
4258,India,67,0,0.007801917467649537,Low Risk,0
8610,USA,66,0,0.009213686837452034,Low Risk,0
8127,UK,39,0,0.9861539291815314,High Risk,1
9248,France,18,0,0.9938999653582941,High Risk,1
1997,Canada,45,0,0.9901170389966713,High Risk,1
724,USA,22,0,0.7130387815508734,High Risk,1
4255,Japan,45,0,0.9986714920289924,High Risk,1
7175,Canada,20,0,0.014716683356356721,Low Risk,0
301,Canada,53,0,0.674200342072533,Medium Risk,1
7699,UK,43,0,0.9986714920289924,High Risk,1
1852,Australia,68,0,0.7061500224794679,High Risk,1
6024,UK,27,0,0.008821008589738548,Low Risk,0
431,Canada,66,0,0.9922675273780348,High Risk,1
3435,UK,38,0,0.009213686837452034,Low Risk,0
7254,South Africa,30,0,0.9909342580664462,High Risk,1
6671,UK,36,0,0.993067143737135,High Risk,1
2462,UK,34,0,0.9901543200533696,High Risk,1
6616,USA,59,0,0.9922675273780348,High Risk,1
3621,Japan,38,0,0.9861723593400291,High Risk,1
1303,India,48,0,0.9936879871299082,High Risk,1
3923,USA,61,0,0.9986714920289924,High Risk,1
2787,USA,68,0,0.7328444460333392,High Risk,1
1364,Germany,46,0,0.9892470894693725,High Risk,1
815,UK,22,0,0.7605354927607011,High Risk,1
451,UK,26,0,1.0,High Risk,1
9237,India,39,0,0.008160504628818392,Low Risk,0
4940,India,68,0,0.562950173339429,Medium Risk,1
8006,India,48,0,0.9677806311869894,High Risk,1
2376,Australia,58,0,0.7334605813701832,High Risk,1
7122,USA,54,0,0.00751018056712802,Low Risk,0
7495,India,18,0,0.9910850227721233,High Risk,1
1095,India,45,0,0.9901106423813951,High Risk,1
4136,Brazil,66,0,0.9971314800664404,High Risk,1
8179,Australia,61,0,0.009716683356356722,Low Risk,0
9791,UK,64,0,0.009213686837452034,Low Risk,0
6128,Germany,35,0,0.9993622631644149,High Risk,1
4849,India,25,0,0.9922675273780348,High Risk,1
9658,UK,27,0,0.9964144830567864,High Risk,1
4118,USA,65,0,0.9863550348496476,High Risk,1
1180,USA,67,0,0.9922675273780348,High Risk,1
1118,UK,48,0,0.7587935069480822,High Risk,1
7105,France,27,0,0.9518350145361134,High Risk,1
2711,UK,68,0,0.991923610037594,High Risk,1
5799,Brazil,24,0,0.7747015859545071,High Risk,1
4110,Australia,64,0,0.9986714920289924,High Risk,1
3986,India,61,0,0.9901170389966713,High Risk,1
7655,Germany,20,0,0.7790074619468862,High Risk,1
7555,Germany,25,0,1.0,High Risk,1
3182,Germany,20,0,0.007823405973473242,Low Risk,0
4323,India,60,0,0.9922675273780348,High Risk,1
8405,India,54,0,0.6002594435039352,Medium Risk,1
5752,France,48,0,0.007823405973473242,Low Risk,0
4176,France,45,0,0.009716683356356722,Low Risk,0
9549,USA,33,0,0.9986714920289924,High Risk,1
9721,UK,35,0,0.007823405973473242,Low Risk,0
6722,India,45,0,0.9509622472654773,High Risk,1
2644,France,45,0,0.008181993134642096,Low Risk,0
9080,Japan,66,0,0.992840916067419,High Risk,1
9196,Germany,32,0,0.6795807318236246,Medium Risk,1
9195,Canada,40,0,0.010334401428685087,Low Risk,0
7578,Canada,30,0,0.9913476086549062,High Risk,1
145,USA,19,0,0.6935226056776113,Medium Risk,1
7344,France,67,0,0.9891858519324598,High Risk,1
6813,Brazil,19,0,0.9927189849847126,High Risk,1
9691,South Africa,40,0,0.992001029788306,High Risk,1
7689,Canada,19,0,0.011634213944614627,Low Risk,0
3583,USA,26,0,0.9916792734933328,High Risk,1
8474,Brazil,50,0,0.6666244748941931,Medium Risk,1
1271,Japan,64,0,0.6107378888567282,Medium Risk,1
8294,USA,41,0,0.9851322916549227,High Risk,1
7427,UK,33,0,0.9920611238105853,High Risk,1
6337,Germany,63,0,0.9971857193409306,High Risk,1
7053,USA,35,0,0.9979867781335231,High Risk,1
2276,Brazil,25,0,0.9902825620318039,High Risk,1
2740,UK,51,0,0.9934729969756476,High Risk,1
7900,Canada,29,0,0.9893090074874265,High Risk,1
8974,USA,21,0,0.9995974020034621,High Risk,1
4556,India,48,0,0.9986714920289924,High Risk,1
3058,Brazil,49,0,0.9901170389966713,High Risk,1
1745,South Africa,41,0,0.009068446278345505,Low Risk,0
8164,Canada,19,0,0.996713629510656,High Risk,1
918,Germany,56,0,0.9920210351873614,High Risk,1
9182,USA,23,0,0.9639626405756454,High Risk,1
2649,USA,26,0,0.9986714920289924,High Risk,1
3351,Germany,18,0,0.9995974020034621,High Risk,1
4310,UK,25,0,0.9942019645839483,High Risk,1
888,Japan,64,0,0.9971857193409306,High Risk,1
154,USA,41,0,0.9993365387299371,High Risk,1
459,Germany,41,0,0.9914733789611009,High Risk,1
6257,France,37,0,0.9912116629924761,High Risk,1
2672,Australia,50,0,0.9903292913477161,High Risk,1
2648,UK,30,0,0.9910369577197998,High Risk,1
575,France,23,0,0.9982951008615203,High Risk,1
991,USA,18,0,0.9995974020034621,High Risk,1
9331,Canada,30,0,0.7040349467901318,High Risk,1
2861,Canada,54,0,0.9615308081444024,High Risk,1
2079,Germany,19,0,0.9657668742894464,High Risk,1
6765,France,33,0,0.9931110082305726,High Risk,1
6714,USA,35,0,0.9868810458014134,High Risk,1
1968,Australia,32,0,0.954232610935938,High Risk,1
1378,Australia,55,0,0.008821008589738548,Low Risk,0
3779,Canada,36,0,0.9982803058629792,High Risk,1
6686,South Africa,66,0,0.008741429892347819,Low Risk,0
6396,Japan,18,0,0.9479681787728623,High Risk,1
6643,Australia,39,0,0.9994695940140901,High Risk,1
49,UK,39,0,0.9584579709766575,High Risk,1
6433,Brazil,67,0,0.9891013660721905,High Risk,1
1098,Germany,39,0,0.007823405973473242,Low Risk,0
3099,France,39,0,0.9887048954499165,High Risk,1
1935,USA,68,0,0.9882008148918091,High Risk,1
6100,UK,70,0,0.9986714920289924,High Risk,1
6474,USA,33,0,0.9615533788997364,High Risk,1
8214,South Africa,34,0,0.009174977415274621,Low Risk,0
7128,Japan,57,0,0.9542863163823211,High Risk,1
8464,India,31,0,0.9970644623103084,High Risk,1
4715,Japan,47,0,0.009213686837452034,Low Risk,0
7702,France,31,0,0.9832667737585302,High Risk,1
9,India,47,0,0.00986278456189595,Low Risk,0
4768,Brazil,39,0,0.9808924610286338,High Risk,1
769,USA,29,0,0.5931082507111629,Medium Risk,1
6202,USA,46,0,0.009527324323005737,Low Risk,0
5652,Germany,45,0,0.9553540827775845,High Risk,1
8365,Canada,53,0,0.007823405973473242,Low Risk,0
746,Germany,48,0,0.9877504591796508,High Risk,1
9766,Germany,29,0,0.9878687962836277,High Risk,1
6599,Australia,68,0,0.991720538660101,High Risk,1
7742,UK,37,0,0.9726647048446704,High Risk,1
1044,South Africa,38,0,0.9903957172351028,High Risk,1
2694,USA,22,0,0.9989099337240462,High Risk,1
7570,India,19,0,0.9910850227721233,High Risk,1
2840,Canada,21,0,0.73249589968333,High Risk,1
308,India,34,0,0.9921817546004226,High Risk,1
2890,Germany,58,0,0.9912290130998005,High Risk,1
2963,Brazil,68,0,0.9931180297360558,High Risk,1
5934,USA,54,0,0.9867847410829798,High Risk,1
1422,USA,59,0,0.7146583722201509,High Risk,0
4591,UK,55,0,0.9917847410829798,High Risk,1
6307,Japan,46,0,0.9889633788972243,High Risk,1
5029,UK,23,0,0.9985576102205674,High Risk,1
6609,India,61,0,0.9931103050039427,High Risk,1
5058,USA,24,0,0.9851322916549227,High Risk,1
5762,UK,26,0,0.5516401067519197,Medium Risk,1
6012,France,58,0,0.9530731449298293,High Risk,1
2705,Brazil,37,0,0.009885911484174592,Low Risk,0
1398,France,70,0,0.008821008589738548,Low Risk,0
1208,South Africa,64,0,0.992260085108599,High Risk,1
2832,Canada,34,0,0.9985576102205674,High Risk,1
2058,Brazil,23,0,0.9740658960535549,High Risk,1
6837,UK,61,0,0.9986714920289924,High Risk,1
4766,India,64,0,0.9939343747224615,High Risk,1
7566,Australia,64,0,0.9986714920289924,High Risk,1
9273,Germany,54,0,0.9891518777780384,High Risk,1
9939,USA,62,0,0.9899607690349719,High Risk,1
1222,USA,40,0,0.9450534722234329,High Risk,1
327,Japan,40,0,0.9770152587782086,High Risk,1
6233,USA,36,0,0.9875589483051571,High Risk,1
8748,UK,64,0,0.9635997200980023,High Risk,1
8717,Canada,22,0,0.9994835201950372,High Risk,1
3598,Germany,35,0,0.63538032621676,Medium Risk,1
5713,USA,60,0,0.009213686837452034,Low Risk,0
3955,Brazil,38,0,0.9979669252845591,High Risk,1
1542,India,50,0,0.9577530311083997,High Risk,1
8671,USA,38,0,0.9986714920289924,High Risk,1
9017,Australia,45,0,0.009527324323005737,Low Risk,0
1754,USA,35,0,0.008886670451454347,Low Risk,0
823,Canada,70,0,0.6854294402875944,Medium Risk,1
2908,Japan,43,0,0.9986714920289924,High Risk,1
4762,India,58,0,0.9924557839214343,High Risk,1
1246,India,29,0,0.9910369577197998,High Risk,1
992,UK,70,0,0.9943999225873179,High Risk,1
5233,Brazil,56,0,0.9631558604745288,High Risk,1
2288,Canada,23,0,0.9986714920289924,High Risk,1
7320,France,59,0,0.9848785746329711,High Risk,1
1386,India,33,0,0.008865181945630643,Low Risk,0
3962,USA,47,0,0.009213686837452034,Low Risk,0
6869,Brazil,31,0,0.996815625590788,High Risk,1
1148,India,57,0,0.9563017945607832,High Risk,1
4384,Brazil,68,0,0.5808343950308354,Medium Risk,1
2014,India,41,0,0.9914745419883032,High Risk,1
6435,India,46,0,0.7444158846359954,High Risk,1
1212,Germany,53,0,0.9901170389966713,High Risk,1
9341,India,34,0,0.9851646305501716,High Risk,1
9728,Brazil,63,0,0.9868810458014134,High Risk,1
8783,Australia,41,0,0.9885680089892825,High Risk,1
2930,Germany,64,0,0.9615239012893971,High Risk,1
109,India,63,0,0.9979867781335231,High Risk,1
748,UK,58,0,0.997685020571953,High Risk,1
7237,Germany,51,0,0.008886670451454347,Low Risk,0
8773,USA,47,0,0.7190493880261326,High Risk,1
3090,UK,25,0,0.9971857193409306,High Risk,1
3190,India,53,0,0.991492083301938,High Risk,1
5407,South Africa,67,0,0.990186028509923,High Risk,1
1948,Brazil,59,0,0.6654693380706844,Medium Risk,1
2002,Brazil,20,0,0.7378560578522397,High Risk,1
4248,Canada,25,0,0.9986714920289924,High Risk,1
5730,UK,24,0,0.006556243792552164,Low Risk,0
173,France,27,0,0.008341761106386894,Low Risk,0
466,USA,59,0,0.9986714920289924,High Risk,1
7902,USA,65,0,0.9551325640082284,High Risk,1
4497,USA,48,0,0.9903396968125251,High Risk,1
8844,USA,49,0,0.7372561761269611,High Risk,1
1014,Japan,59,0,0.9893885196986364,High Risk,1
177,UK,57,0,0.7513052866578493,High Risk,1
9684,USA,69,0,0.9949078016302724,High Risk,1
1536,UK,22,0,0.9682836514506558,High Risk,1
9771,Canada,61,0,0.9986714920289924,High Risk,1
3753,Australia,49,0,0.9887275621025493,High Risk,1
8680,Germany,33,0,0.6798818959631165,Medium Risk,1
794,France,21,0,0.9989534978068491,High Risk,1
9316,South Africa,47,0,0.9867438630113327,High Risk,1
8654,Brazil,61,0,0.9949457052862359,High Risk,1
2456,Brazil,20,0,0.998061785073847,High Risk,1
8512,Brazil,56,0,0.009716683356356722,Low Risk,0
4109,India,45,0,0.01610392933043309,Low Risk,0
1764,UK,27,0,0.9851646305501716,High Risk,1
6145,UK,60,0,0.9897820784760502,High Risk,1
3028,Brazil,36,0,0.7211891549596312,High Risk,1
3264,Japan,60,0,0.007823405973473242,Low Risk,0
5515,Germany,70,0,0.972853118889813,High Risk,1
1172,USA,30,0,0.9947253010823947,High Risk,1
74,Germany,66,0,0.9551989115184807,High Risk,1
4749,Japan,45,0,0.007823405973473242,Low Risk,0
8443,France,57,0,0.9915382449388627,High Risk,1
83,Australia,21,0,0.9888209330995246,High Risk,1
3030,Germany,37,0,0.967538697781527,High Risk,1
6800,Australia,60,0,1.0,High Risk,1
4620,Germany,47,0,0.9985576102205674,High Risk,1
4667,Australia,32,0,0.9697620867424132,High Risk,1
6171,Brazil,43,0,0.9986714920289924,High Risk,1
1449,Brazil,34,0,0.6071124846843357,Medium Risk,1
247,India,64,0,0.9523919101200136,High Risk,1
4283,USA,49,0,0.986788847431686,High Risk,1
3629,Germany,40,0,0.008181993134642096,Low Risk,0
8908,UK,68,0,0.9990358894667914,High Risk,1
1612,Brazil,18,0,0.9553303222632793,High Risk,1
4703,Brazil,37,0,0.9910343832485609,High Risk,1
661,USA,52,0,0.9919689254408578,High Risk,1
9035,Germany,28,0,0.9513801465903411,High Risk,1
3762,India,35,0,0.9921817546004226,High Risk,1
2205,UK,56,0,0.9913476086549062,High Risk,1
9373,France,59,0,0.9907447598462054,High Risk,1
5553,USA,61,0,0.990062121683642,High Risk,1
5864,South Africa,44,0,0.7616351985777549,High Risk,1
9493,Canada,23,0,0.9975154556872506,High Risk,1
1657,USA,57,0,0.9592466716322273,High Risk,1
9466,India,19,0,0.009192198331628331,Low Risk,0
8943,USA,57,0,0.9935252796944518,High Risk,1
1748,Canada,32,0,0.6606687907443493,Medium Risk,1
5087,India,47,0,0.9635981585730928,High Risk,1
5792,Germany,39,0,0.007823405973473242,Low Risk,0
6807,South Africa,70,0,0.9777806692798809,High Risk,1
8559,South Africa,52,0,0.9965010054454614,High Risk,1
6015,India,56,0,0.9531154292874972,High Risk,1
8620,USA,63,0,0.9853801696519582,High Risk,1
8021,India,21,0,0.9922675273780348,High Risk,1
2133,USA,63,0,0.9971857193409306,High Risk,1
6656,Germany,69,0,0.9868818978553088,High Risk,1
6489,USA,47,0,0.988656057929167,High Risk,1
3452,UK,53,0,0.9868506704631069,High Risk,1
2030,USA,47,0,0.9870455062235054,High Risk,1
2348,India,41,0,0.9900200312061571,High Risk,1
1038,USA,56,0,0.9971857193409306,High Risk,1
7872,USA,37,0,0.9922675273780348,High Risk,1
3259,South Africa,40,0,0.988656057929167,High Risk,1
6210,Canada,27,0,0.011634213944614627,Low Risk,0
8775,Australia,68,0,0.9909639914545401,High Risk,1
5617,Australia,61,0,0.9968731232985226,High Risk,1
2387,UK,63,0,0.00751018056712802,Low Risk,0
2342,USA,54,0,0.9924120020250665,High Risk,1
7440,India,40,0,0.018341761106386894,Low Risk,0
3485,USA,39,0,0.9892760476660398,High Risk,1
7635,India,32,0,1.0,High Risk,1
7165,India,49,0,0.9682457331467603,High Risk,1
3282,Australia,58,0,0.9889542756769875,High Risk,1
7375,USA,36,0,0.9593628660744338,High Risk,1
2082,USA,47,0,0.9920611238105853,High Risk,1
6419,USA,31,0,0.5980638543489067,Medium Risk,0
7291,India,68,0,0.6301786527565036,Medium Risk,1
7478,South Africa,41,0,0.9994384874633293,High Risk,1
1033,USA,36,0,0.9831466792014839,High Risk,1
1278,Japan,54,0,0.9878259260107636,High Risk,1
9304,USA,20,0,0.9922675273780348,High Risk,1
8374,Canada,43,0,0.9979867781335231,High Risk,1
1921,Germany,38,0,0.9964673554186112,High Risk,1
2380,Brazil,46,0,0.9947145597341751,High Risk,1
3709,Brazil,53,0,0.7313172317051237,High Risk,1
5423,Australia,64,0,0.6284964918315851,Medium Risk,1
3624,Japan,58,0,0.9859790220443182,High Risk,1
8548,India,44,0,0.7591652912515804,High Risk,1
87,USA,46,0,0.9960130780921393,High Risk,1
3082,India,54,0,0.007801917467649537,Low Risk,0
253,Canada,42,0,0.00902105434973304,Low Risk,0
8133,India,52,0,0.9916465353087941,High Risk,1
4623,Canada,18,0,0.011634213944614627,Low Risk,0
9462,Canada,69,0,0.9836619003053291,High Risk,1
6806,India,61,0,0.9839366489149343,High Risk,1
3189,South Africa,49,0,0.9868810458014134,High Risk,1
3067,Canada,24,0,0.011634213944614627,Low Risk,0
4380,Canada,68,0,0.9870154296996922,High Risk,1
8600,South Africa,42,0,0.9894769923346652,High Risk,1
2067,France,50,0,0.9865129256177047,High Risk,1
118,USA,33,0,0.9904579564912045,High Risk,1
2239,Canada,32,0,0.6311476135060216,Medium Risk,1
3066,Canada,63,0,0.970032849926091,High Risk,1
5025,India,32,0,0.9922675273780348,High Risk,1
2432,Brazil,22,0,0.9650239867789717,High Risk,1
6111,India,28,0,0.60931955343732,Medium Risk,1
5284,Canada,55,0,0.9924306522355458,High Risk,1
7423,Canada,41,0,0.9877992124496902,High Risk,1
3966,USA,49,0,0.9913476086549062,High Risk,1
9175,South Africa,57,0,0.7238468548201592,High Risk,1
5994,Germany,38,0,0.9901170389966713,High Risk,1
6048,France,19,0,0.9563642295683944,High Risk,1
5152,UK,61,0,0.966803422342019,High Risk,1
4530,USA,42,0,0.012167193808414196,Low Risk,0
4290,UK,65,0,0.7741096328885573,High Risk,1
7544,Germany,57,0,0.9986714920289924,High Risk,1
2700,UK,65,0,0.007823405973473242,Low Risk,0
3001,Japan,57,0,0.9883212683935904,High Risk,1
5195,Australia,59,0,0.008900461431106814,Low Risk,0
2442,France,59,0,0.5582937449668693,Medium Risk,1
9509,India,28,0,0.008878972925283111,Low Risk,0
1177,Germany,33,0,0.9883187109866632,High Risk,1
7825,Canada,64,0,0.7032052477032447,High Risk,1
2308,South Africa,61,0,0.9964673554186112,High Risk,1
1126,USA,49,0,0.5964682514884337,Medium Risk,1
6342,India,70,0,0.9896288200563064,High Risk,1
8461,France,29,0,0.9550416333143279,High Risk,1
9173,France,44,0,0.007823405973473242,Low Risk,0
3419,Australia,38,0,0.9985576102205674,High Risk,1
7402,France,39,0,0.9901801656502418,High Risk,1
7616,Brazil,67,0,0.9922675273780348,High Risk,1
2691,Japan,34,0,0.9907605749921942,High Risk,1
3002,USA,42,0,0.9855219270932717,High Risk,1
9008,India,31,0,0.9990358894667914,High Risk,1
7715,India,36,0,0.9949815827305494,High Risk,1
5148,Brazil,60,0,0.988869236910258,High Risk,1
4554,UK,53,0,0.7465327411475208,High Risk,1
9947,Australia,57,0,0.9860007073252475,High Risk,1
6259,Brazil,36,0,0.9922675273780348,High Risk,1
5178,USA,44,0,0.9913476086549062,High Risk,1
211,South Africa,46,0,0.013341761106386893,Low Risk,0
6823,USA,41,0,0.9838726995444448,High Risk,1
2663,Brazil,32,0,0.6828499854042527,Medium Risk,1
904,India,22,0,0.007801917467649537,Low Risk,0
7854,Canada,64,0,0.9897432972636043,High Risk,1
3299,Germany,34,0,0.6080554589677553,Medium Risk,1
6465,Australia,43,0,0.7248103134271787,High Risk,1
330,USA,67,0,0.9916109226812249,High Risk,1
4377,Australia,32,0,1.0,High Risk,1
1774,UK,32,0,0.9642520289296129,High Risk,1
5297,South Africa,19,0,0.8186601655930771,High Risk,1
5896,Brazil,21,0,0.9868810458014134,High Risk,1
9511,USA,29,0,0.9922914552175716,High Risk,1
6851,UK,70,0,0.009213686837452034,Low Risk,0
6505,Canada,43,0,0.948558464733463,High Risk,1
4212,Brazil,38,0,0.9986714920289924,High Risk,1
759,Germany,37,0,0.9915397818361835,High Risk,1
6816,India,23,0,0.9692653038129353,High Risk,1
2009,USA,41,0,0.6857239959056405,Medium Risk,1
5882,South Africa,70,0,0.9899998612309027,High Risk,1
3257,Australia,53,0,0.9915975814835309,High Risk,1
9065,Canada,70,0,0.007823405973473242,Low Risk,0
2907,USA,32,0,0.9591938225132004,High Risk,1
1066,Brazil,52,0,0.9920958753632532,High Risk,1
1043,India,47,0,0.639541166915077,Medium Risk,1
1955,India,48,0,0.9985576102205674,High Risk,1
1392,USA,24,0,0.988783633737905,High Risk,1
4487,USA,18,0,0.9574387210937335,High Risk,1
3720,USA,23,0,0.008886670451454347,Low Risk,0
6176,France,42,0,0.7060514932350813,High Risk,1
5584,UK,30,0,0.9976435094237995,High Risk,1
9156,USA,38,0,0.9878687962836277,High Risk,1
4381,India,44,0,0.9986714920289924,High Risk,1
1468,Canada,26,0,0.9649740533536155,High Risk,1
1268,France,50,0,0.9894077117286483,High Risk,1
6305,Australia,23,0,0.9808489434792694,High Risk,1
5405,South Africa,60,0,0.9896311669325363,High Risk,1
6908,USA,64,0,0.008886670451454347,Low Risk,0
7015,Canada,55,0,0.9967638591458043,High Risk,1
8574,UK,22,0,0.9868846463266516,High Risk,1
7510,India,30,0,0.6364962080205416,Medium Risk,1
7091,USA,41,0,0.9985576102205674,High Risk,1
4969,Japan,29,0,0.9986714920289924,High Risk,1
9689,Brazil,22,0,0.9902825620318039,High Risk,1
7561,USA,21,0,0.008886670451454347,Low Risk,0
495,UK,69,0,0.9919582713171974,High Risk,1
8017,USA,55,0,0.007823405973473242,Low Risk,0
9761,Australia,34,0,0.9943999225873179,High Risk,1
3400,Australia,55,0,0.947729747623617,High Risk,1
8262,USA,50,0,0.954601679406023,High Risk,1
6004,India,38,0,0.5029672927416879,Medium Risk,1
8178,Japan,24,0,0.9697621173692998,High Risk,1
8821,India,64,0,0.009192198331628331,Low Risk,0
5669,USA,45,0,0.9897733710900322,High Risk,1
6818,Japan,53,0,0.9896685158010673,High Risk,1
4423,UK,30,0,0.9674338769240244,High Risk,1
7819,USA,25,0,0.9862273348950152,High Risk,1
6292,USA,64,0,0.9860823304212348,High Risk,1
4469,India,67,0,0.9882450190784036,High Risk,1
4821,USA,44,0,0.5772021296269468,Medium Risk,1
7250,Canada,66,0,0.9970718375325056,High Risk,1
762,India,41,0,0.009192198331628331,Low Risk,0
895,UK,28,0,0.9922675273780348,High Risk,1
1182,Australia,68,0,0.988734963915696,High Risk,1
3611,India,70,0,0.9912620813886421,High Risk,1
8047,South Africa,51,0,0.9899714849198601,High Risk,1
2548,Germany,22,0,0.9927082819351033,High Risk,1
4232,Brazil,33,0,0.007823405973473242,Low Risk,0
3454,France,46,0,0.99499309954072,High Risk,1
9935,Canada,30,0,0.99662420680426,High Risk,1
8032,Brazil,33,0,0.9927082819351033,High Risk,1
8030,Brazil,56,0,0.9553561686987223,High Risk,1
3671,USA,65,0,0.007823405973473242,Low Risk,0
6687,USA,57,0,0.6696441713313493,Medium Risk,1
7275,USA,61,0,0.991273720364794,High Risk,1
2221,USA,29,0,0.9986714920289924,High Risk,1
9895,Brazil,30,0,0.9897275153191633,High Risk,1
7772,South Africa,42,0,0.9883796752015612,High Risk,1
6811,Australia,62,0,0.9905350774121875,High Risk,1
9126,USA,32,0,0.008886670451454347,Low Risk,0
3097,India,28,0,0.94980519170777,High Risk,1
804,Germany,44,0,0.9979669252845591,High Risk,1
8264,Canada,18,0,0.007823405973473242,Low Risk,0
2974,South Africa,54,0,0.992260085108599,High Risk,1
3788,India,49,0,0.7329372912715779,High Risk,1
7675,South Africa,55,0,0.9899717984375647,High Risk,1
2282,USA,45,0,0.9872080621874112,High Risk,1
2401,USA,28,0,0.008886670451454347,Low Risk,0
3178,USA,18,0,0.9713271545989557,High Risk,1
8259,Germany,56,0,0.9935175273424097,High Risk,1
9537,France,65,0,0.9875618095569182,High Risk,1
7945,Japan,51,0,0.9543076441473599,High Risk,1
6532,USA,33,0,0.9918365513266051,High Risk,1
7622,USA,54,0,0.009213686837452034,Low Risk,0
9404,UK,28,0,0.007823405973473242,Low Risk,0
9345,UK,27,0,0.7317628019898699,High Risk,0
5199,India,64,0,0.9965854238997587,High Risk,1
1682,Australia,58,0,0.9922675273780348,High Risk,1
1704,USA,43,0,0.821044375967839,High Risk,1
743,USA,23,0,0.6862358930069662,Medium Risk,1
14,Japan,56,0,0.9918190041824309,High Risk,1
9358,UK,25,0,0.9993435236777493,High Risk,1
6317,Brazil,33,0,0.7414603216156277,High Risk,1
9656,UK,26,0,0.009213686837452034,Low Risk,0
2989,USA,48,0,0.990608282852171,High Risk,1
4562,Brazil,31,0,0.9569290537265139,High Risk,1
2157,Germany,40,0,0.5710608919747451,Medium Risk,1
7718,Brazil,40,0,0.9993411900617447,High Risk,1
2250,France,40,0,0.9945236707635281,High Risk,1
166,Japan,22,0,0.9960003651971137,High Risk,1
8305,Brazil,21,0,0.9928924503158288,High Risk,1
4340,Canada,26,0,0.9884725586323393,High Risk,1
487,France,25,0,0.986441645813119,High Risk,1
2528,India,51,0,0.6228003633938277,Medium Risk,1
4731,India,59,0,0.9591006560984924,High Risk,1
8848,USA,45,0,0.007823405973473242,Low Risk,0
2020,Canada,68,0,0.6100034024643689,Medium Risk,1
5200,USA,43,0,0.6792306438037855,Medium Risk,1
607,Australia,56,0,0.9908884825617942,High Risk,1
9960,UK,67,0,0.9848902356404301,High Risk,1
6401,Australia,64,0,0.9986714920289924,High Risk,1
1198,France,45,0,0.7779662636985641,High Risk,0
2338,Brazil,40,0,0.009884273067719654,Low Risk,0
8356,Japan,42,0,0.9850692497622184,High Risk,1
3859,Canada,70,0,0.992599474831771,High Risk,1
6119,Germany,54,0,0.7105169040103617,High Risk,1
5416,USA,64,0,0.9909316987129305,High Risk,1
6693,India,40,0,0.9916346979994118,High Risk,1
2415,India,61,0,0.9967066809303808,High Risk,1
6122,Brazil,63,0,0.6227372602867982,Medium Risk,1
2579,Germany,47,0,0.7862733857247278,High Risk,1
6538,Canada,42,0,0.988656057929167,High Risk,1
3106,UK,32,0,0.7138531908380531,High Risk,1
3336,Brazil,50,0,0.9601693618212479,High Risk,1
790,India,21,0,0.9995974020034621,High Risk,1
3280,Canada,26,0,0.9901345406304448,High Risk,1
3207,South Africa,20,0,0.9605963599501315,High Risk,1
9625,USA,70,0,0.9920611238105853,High Risk,1
8001,USA,34,0,0.7597074036530028,High Risk,1
8912,Germany,25,0,0.6922715941797283,Medium Risk,1
6262,USA,27,0,0.6023337809625591,Medium Risk,1
562,France,47,0,0.990150453133362,High Risk,1
5714,Japan,43,0,0.9897820784760502,High Risk,1
9090,India,55,0,0.9919287496963325,High Risk,1
3690,South Africa,62,0,0.9934385746293333,High Risk,1
9399,USA,68,0,0.9910114436665076,High Risk,1
2768,India,22,0,0.985725015139179,High Risk,1
6958,Canada,30,0,0.9922495220428487,High Risk,1
1726,Germany,70,0,0.9953341105154999,High Risk,1
2476,Australia,36,0,0.9990358894667914,High Risk,1
5235,Canada,49,0,0.990167008192501,High Risk,1
5456,Canada,37,0,0.9914523834420125,High Risk,1
5659,UK,68,0,0.9891013660721905,High Risk,1
4281,Germany,45,0,0.9949145987354753,High Risk,1
2975,South Africa,67,0,0.6444790894884421,Medium Risk,1
2867,USA,23,0,0.9912187423889344,High Risk,1
6450,USA,42,0,0.9910369577197998,High Risk,1
9272,Japan,58,0,0.9969896124358947,High Risk,1
7866,UK,68,0,0.9964455185138489,High Risk,1
9032,USA,61,0,0.9698994912716711,High Risk,1
6535,USA,56,0,0.9626321100398826,High Risk,1
4051,France,24,0,0.007823405973473242,Low Risk,0
7294,USA,44,0,0.9970644623103084,High Risk,1
19,Japan,43,0,0.637824805649248,Medium Risk,1
467,India,25,0,0.9893090074874265,High Risk,1
9491,USA,49,0,0.6492931357942439,Medium Risk,1
7075,Japan,63,0,0.628023176602611,Medium Risk,1
8863,UK,42,0,0.9986714920289924,High Risk,1
9292,France,51,0,0.9957476923119686,High Risk,1
9400,Brazil,41,0,0.7873124512246708,High Risk,1
1145,USA,56,0,0.9569760249525404,High Risk,1
983,India,63,0,0.007801917467649537,Low Risk,0
8694,Canada,68,0,0.9905816693843263,High Risk,1
7410,USA,41,0,0.9854664443415732,High Risk,1
9681,USA,66,0,0.6921517532002784,Medium Risk,1
1338,Brazil,38,0,0.008886670451454347,Low Risk,0
8677,South Africa,70,0,0.9538968713353875,High Risk,1
80,USA,62,0,0.9827807480357125,High Risk,1
4031,India,70,0,0.9662061059461793,High Risk,1
3636,Australia,46,0,0.9920958753632532,High Risk,1
9146,USA,20,0,0.9928552734704723,High Risk,1
9380,Canada,37,0,0.6965115224059403,Medium Risk,0
8714,India,48,0,0.99947614497284,High Risk,1
9233,UK,46,0,0.9907605749921942,High Risk,1
8708,Canada,35,0,0.6680300272612901,Medium Risk,1
555,Canada,29,0,0.9979867781335231,High Risk,1
7396,Japan,46,0,0.9971857193409306,High Risk,1
5247,USA,59,0,0.9885638595594394,High Risk,1
8431,USA,37,0,0.5724798314195246,Medium Risk,1
6250,Australia,27,0,0.9986714920289924,High Risk,1
5593,Brazil,19,0,0.9913476086549062,High Risk,1
2315,Australia,69,0,0.986114229321606,High Risk,1
8255,USA,63,0,0.678463597965976,Medium Risk,1
3003,Japan,31,0,0.9986714920289924,High Risk,1
7519,Australia,41,0,0.009213686837452034,Low Risk,0
1220,Australia,24,0,0.9892042337928838,High Risk,1
8128,USA,18,0,0.9682004151849409,High Risk,1
2997,Japan,43,0,0.9915505047055342,High Risk,1
1920,UK,47,0,0.9992863248915184,High Risk,1
5634,France,68,0,0.9939515865522063,High Risk,1
8711,France,57,0,0.5352173352684845,Medium Risk,1
688,Japan,60,0,0.007823405973473242,Low Risk,0
6787,South Africa,24,0,0.6387635816036776,Medium Risk,0
8349,UK,24,0,0.9852280905498882,High Risk,1
8719,USA,50,0,0.9547591137211225,High Risk,1
1978,South Africa,46,0,0.7140478609679013,High Risk,1
4457,UK,56,0,0.9960130780921393,High Risk,1
1502,Brazil,54,0,0.9885236839462249,High Risk,1
6900,India,43,0,0.9919582713171974,High Risk,1
9157,USA,30,0,0.9896220508012722,High Risk,1
334,India,38,0,0.6420757226231403,Medium Risk,1
3807,France,68,0,0.9885875459232166,High Risk,1
4674,France,49,0,0.9844544776153917,High Risk,1
3790,USA,62,0,0.007823405973473242,Low Risk,0
7177,UK,27,0,0.9587116396213383,High Risk,1
1535,Japan,23,0,0.9912582806593171,High Risk,1
7601,USA,29,0,0.9903240921006686,High Risk,1
3130,Brazil,42,0,0.9905409577942094,High Risk,1
9238,USA,25,0,0.9868810458014134,High Risk,1
1332,Australia,57,0,0.011106964220335516,Low Risk,0
5381,South Africa,48,0,0.6289546111099295,Medium Risk,1
1490,UK,56,0,0.740152575265601,High Risk,1
1085,Germany,35,0,0.9881609900536258,High Risk,1
3778,India,70,0,0.9995974020034621,High Risk,1
4934,USA,32,0,0.9986714920289924,High Risk,1
8626,Japan,31,0,0.9975148607449751,High Risk,1
1116,Japan,44,0,0.5981660020986418,Medium Risk,1
7594,Canada,58,0,0.954461861143411,High Risk,1
4653,Australia,70,0,0.9922675273780348,High Risk,1
9011,Australia,66,0,0.007823405973473242,Low Risk,0
1927,South Africa,52,0,0.9940973661397166,High Risk,1
8547,USA,43,0,0.9985576102205674,High Risk,1
7480,Brazil,21,0,0.009729007080463262,Low Risk,0
3950,UK,38,0,0.9868846463266516,High Risk,1
2809,UK,66,0,0.9924431495097618,High Risk,1
9649,Germany,46,0,0.9889542756769875,High Risk,1
1505,Australia,38,0,0.9977282073359173,High Risk,1
5436,Germany,40,0,0.9995974020034621,High Risk,1
4121,South Africa,20,0,0.9921222868189282,High Risk,1
5763,Canada,29,0,0.9896317708503838,High Risk,1
4834,Germany,53,0,0.9495098018311101,High Risk,1
8621,Brazil,18,0,0.9993388312058563,High Risk,1
7932,USA,47,0,0.988656057929167,High Risk,1
6595,Australia,20,0,0.9982998817497581,High Risk,1
4584,UK,55,0,0.6629852362732985,Medium Risk,1
8158,USA,48,0,0.007823405973473242,Low Risk,0
5204,India,22,0,0.6469675311462669,Medium Risk,1
2119,France,53,0,0.9713938405731437,High Risk,1
2704,Australia,67,0,0.010334401428685087,Low Risk,0
2679,Australia,33,0,0.9594289343208758,High Risk,1
1071,USA,24,0,0.9919543019716894,High Risk,1
886,UK,19,0,0.6867725090729526,Medium Risk,1
8222,Canada,25,0,0.9986714920289924,High Risk,1
1501,France,27,0,0.9841277871214256,High Risk,1
7908,India,37,0,0.9722876945113101,High Risk,1
4339,Brazil,65,0,0.9986714920289924,High Risk,1
5056,Canada,20,0,0.9852405663380479,High Risk,1
2191,UK,67,0,0.9526834467952752,High Risk,1
1099,Germany,68,0,0.007823405973473242,Low Risk,0
6519,Japan,69,0,0.9855879723737928,High Risk,1
7079,India,39,0,0.9785840921563608,High Risk,1
7014,India,48,0,0.5389879112237971,Medium Risk,1
5076,UK,44,0,0.009527324323005737,Low Risk,0
279,India,70,0,0.9896830888112546,High Risk,1
5466,Canada,38,0,0.9980358100205131,High Risk,1
5989,South Africa,69,0,0.9853369141219104,High Risk,1
3800,USA,37,0,0.9986714920289924,High Risk,1
3700,Brazil,28,0,0.9993246056549043,High Risk,1
1614,France,29,0,0.9888771129996025,High Risk,1
6959,India,53,0,0.9668480731728016,High Risk,1
8215,Brazil,47,0,0.9991537035964276,High Risk,1
6638,USA,48,0,0.7460050832195897,High Risk,1
7661,Canada,26,0,0.7652145605363444,High Risk,1
1318,USA,21,0,0.9994835201950372,High Risk,1
8071,UK,21,0,0.9868846463266516,High Risk,1
8960,USA,43,0,0.009213686837452034,Low Risk,0
6983,Canada,43,0,0.9930505122808256,High Risk,1
4881,USA,30,0,0.6844046312249694,Medium Risk,1
6162,France,21,0,0.008341761106386894,Low Risk,0
1316,Canada,26,0,0.9949641583477478,High Risk,1
6670,India,57,0,0.9994835201950372,High Risk,1
5892,Germany,36,0,0.9901801656502418,High Risk,1
9081,India,44,0,0.9915182933303598,High Risk,1
5578,UK,58,0,0.9934800038641893,High Risk,1
7700,South Africa,30,0,0.9524868626757034,High Risk,1
7739,Australia,57,0,0.9986714920289924,High Risk,1
6271,USA,45,0,0.009716683356356722,Low Risk,0
181,USA,59,0,0.7325846729532277,High Risk,1
8437,India,28,0,0.9533228421256994,High Risk,1
8856,UK,66,0,0.9986714920289924,High Risk,1
1588,Australia,60,0,0.007823405973473242,Low Risk,0
9446,Brazil,26,0,0.009884273067719654,Low Risk,0
121,USA,36,0,0.008886670451454347,Low Risk,0
3093,South Africa,60,0,0.9899717984375647,High Risk,1
6042,Germany,32,0,0.622843104412041,Medium Risk,1
4899,Canada,19,0,0.007823405973473242,Low Risk,0
3515,Germany,40,0,0.9686138339619953,High Risk,1
4074,Brazil,34,0,0.007823405973473242,Low Risk,0
6107,India,21,0,0.7516802178105284,High Risk,1
9142,South Africa,21,0,0.9586526474017169,High Risk,1
468,Brazil,33,0,0.9906965242928102,High Risk,1
237,South Africa,56,0,0.9894240648073246,High Risk,1
5879,USA,40,0,0.9918346975032789,High Risk,1
669,France,54,0,0.9982951008615203,High Risk,1
2879,Australia,61,0,0.9986714920289924,High Risk,1
4359,USA,62,0,0.9877533007087331,High Risk,1
9801,South Africa,25,0,0.9998787429693777,High Risk,1
9567,Australia,20,0,0.9902825620318039,High Risk,1
5414,Canada,50,0,0.9911759566401246,High Risk,1
2252,Canada,51,0,0.991030601857455,High Risk,1
6713,USA,37,0,0.6039030024379676,Medium Risk,1
9616,South Africa,60,0,0.9879650895353888,High Risk,1
4266,UK,67,0,0.6227549706139904,Medium Risk,1
8113,India,68,0,0.9977740264848565,High Risk,1
2177,USA,55,0,0.9986714920289924,High Risk,1
8416,Canada,38,0,0.9959754097053832,High Risk,1
6345,USA,55,0,0.988734963915696,High Risk,1
1738,India,32,0,0.9985502349983701,High Risk,1
6949,Brazil,52,0,0.9878630725394353,High Risk,1
5690,Canada,67,0,0.9985576102205674,High Risk,1
4567,Brazil,37,0,0.9991650678608961,High Risk,1
8286,USA,67,0,0.988058695596148,High Risk,1
4568,Brazil,34,0,0.9983604149170486,High Risk,1
4767,Brazil,65,0,0.008886670451454347,Low Risk,0
4919,USA,26,0,0.986557629940654,High Risk,1
6349,Australia,28,0,0.012167193808414196,Low Risk,0
1446,South Africa,23,0,0.007678165414366712,Low Risk,0
8987,India,61,0,0.9794864418310628,High Risk,1
7384,Japan,67,0,0.9960003651971137,High Risk,1
8139,Australia,38,0,0.7516402380197811,High Risk,1
9429,Canada,45,0,0.007823405973473242,Low Risk,0
2864,Japan,29,0,0.9883326420684075,High Risk,1
7178,India,24,0,0.9854916469361693,High Risk,1
6665,UK,31,0,0.6168112113411415,Medium Risk,0
8958,USA,23,0,0.9896842091219153,High Risk,1
5527,India,50,0,0.9922675273780348,High Risk,1
1781,Canada,55,0,0.9909316987129305,High Risk,1
9627,UK,66,0,0.990167008192501,High Risk,1
2266,UK,44,0,0.9986714920289924,High Risk,1
5749,Germany,59,0,0.9995974020034621,High Risk,1
6598,UK,52,0,0.9921462703474125,High Risk,1
2063,India,18,0,0.9673442091590917,High Risk,1
417,South Africa,67,0,0.9802554029120304,High Risk,1
4819,Germany,64,0,0.9884973077764281,High Risk,1
2349,India,38,0,0.7368428577364905,High Risk,1
9340,Brazil,44,0,0.982028320259014,High Risk,1
1321,Australia,23,0,0.9956597336920852,High Risk,1
4856,Japan,19,0,0.6822330627520475,Medium Risk,1
727,USA,63,0,0.9918894717958038,High Risk,1
5196,France,18,0,0.008821008589738548,Low Risk,0
3416,Japan,30,0,0.009716683356356722,Low Risk,0
8322,Australia,40,0,0.9861690938995228,High Risk,1
2022,USA,64,0,0.9550665024536157,High Risk,1
4886,Australia,34,0,0.9861723593400291,High Risk,1
8304,Australia,27,0,0.9868810458014134,High Risk,1
4429,India,57,0,0.9758472461536385,High Risk,1
8321,France,67,0,0.9893813303517359,High Risk,1
9294,Brazil,30,0,0.007823405973473242,Low Risk,0
9037,USA,61,0,0.008886670451454347,Low Risk,0
1526,USA,64,0,0.6916250265736207,Medium Risk,1
8436,Australia,54,0,0.6649931022985599,Medium Risk,0
8695,South Africa,21,0,0.9916603982832776,High Risk,1
8524,USA,57,0,0.9922072050320567,High Risk,1
2751,India,30,0,0.9882450190784036,High Risk,1
710,Brazil,25,0,0.9913873902537012,High Risk,1
3864,UK,66,0,0.9986714920289924,High Risk,1
7843,Germany,49,0,0.9884472004612261,High Risk,1
8889,Brazil,48,0,0.9900330630227474,High Risk,1
5355,Brazil,67,0,0.9921462703474125,High Risk,1
45,Australia,31,0,0.6232240978770609,Medium Risk,1
9500,UK,47,0,0.9920958753632532,High Risk,1
9190,USA,64,0,0.007823405973473242,Low Risk,0
1456,Brazil,21,0,0.9912608224250898,High Risk,1
5252,USA,26,0,0.6809555586655979,Medium Risk,1
28,USA,29,0,0.9906805985333516,High Risk,1
3797,South Africa,61,0,0.96552642981081,High Risk,1
3502,USA,21,0,0.9904021670929454,High Risk,1
9241,USA,66,0,0.993794321835152,High Risk,1
4196,Germany,70,0,0.9608715412324693,High Risk,1
7981,Canada,23,0,0.9985142273119382,High Risk,1
1510,USA,45,0,0.988143828449569,High Risk,1
835,USA,45,0,0.9896617506611979,High Risk,1
6385,UK,53,0,0.9907605749921942,High Risk,1
4355,France,49,0,0.9473013622911831,High Risk,1
603,USA,42,0,0.7266202340470737,High Risk,1
6089,India,46,0,0.9910369577197998,High Risk,1
5847,Canada,19,0,0.6503259088234734,Medium Risk,1
1049,USA,45,0,0.9870881769342885,High Risk,1
3341,India,56,0,0.6162802793533825,Medium Risk,1
4543,Brazil,56,0,0.9868810458014134,High Risk,1
2808,USA,58,0,0.9574870842703738,High Risk,1
8858,Germany,62,0,0.008821008589738548,Low Risk,0
7919,USA,31,0,0.9982951008615203,High Risk,1
240,USA,27,0,0.6540574830293739,Medium Risk,1
7979,USA,39,0,0.9993655070272967,High Risk,1
7611,Australia,60,0,0.9922115676589044,High Risk,1
3526,Canada,32,0,0.007823405973473242,Low Risk,0
4672,Brazil,24,0,0.9898672498382658,High Risk,1
763,USA,40,0,0.9888209330995246,High Risk,1
9401,Canada,56,0,0.9941645736608189,High Risk,1
726,USA,69,0,0.9885465095456201,High Risk,1
7642,Japan,50,0,0.9621244258412842,High Risk,1
2127,Brazil,47,0,0.9925186559062048,High Risk,1
7968,France,26,0,0.9570685236447162,High Risk,1
1971,South Africa,20,0,0.9772277233480583,High Risk,1
6308,Canada,49,0,0.9986714920289924,High Risk,1
9012,Canada,69,0,0.9985576102205674,High Risk,1
9099,Canada,58,0,0.7499747663411601,High Risk,1
99,Brazil,29,0,0.9887523364482153,High Risk,1
2685,Australia,53,0,0.9659726769204638,High Risk,1
5135,UK,52,0,0.9984129212313866,High Risk,1
3553,USA,25,0,0.9923027573143043,High Risk,1
3334,Germany,70,0,0.9566759286738079,High Risk,1
4231,Germany,65,0,0.9906978960703097,High Risk,1
3697,Australia,22,0,0.9868846463266516,High Risk,1
9629,India,68,0,0.9877107593197252,High Risk,1
2260,India,70,0,0.9910369577197998,High Risk,1
421,UK,49,0,0.9986714920289924,High Risk,1
4241,India,61,0,0.7578928490104266,High Risk,0
9759,UK,64,0,0.9551208170645951,High Risk,1
4874,UK,20,0,0.7310131336360652,High Risk,0
7217,Australia,63,0,0.9856853152792534,High Risk,1
6346,France,67,0,0.6273035545736072,Medium Risk,1
9325,Germany,38,0,0.008886670451454347,Low Risk,0
6943,India,69,0,0.992840916067419,High Risk,1
6542,USA,62,0,0.9971857193409306,High Risk,1
1970,India,28,0,0.008799520083914845,Low Risk,0
6183,Canada,70,0,0.9870154296996922,High Risk,1
6072,USA,28,0,0.6161043413601491,Medium Risk,1
6255,Australia,38,0,0.7317898597831889,High Risk,1
7434,Australia,70,0,0.9922675273780348,High Risk,1
1165,Germany,55,0,0.9979867781335231,High Risk,1
675,USA,48,0,0.9897602508390687,High Risk,1
8754,UK,53,0,0.9945561925490174,High Risk,1
1825,France,53,0,0.9715179158921249,High Risk,1
9542,USA,49,0,0.9881012014025966,High Risk,1
4026,Canada,52,0,0.7511058973041009,High Risk,1
8591,Germany,22,0,0.9944772237025216,High Risk,1
7389,USA,53,0,0.9986714920289924,High Risk,1
9483,Australia,32,0,0.9929726698738349,High Risk,1
399,Germany,64,0,0.6432742801805514,Medium Risk,1
4408,UK,37,0,0.9985576102205674,High Risk,1
5426,India,20,0,0.9628416550603107,High Risk,1
1680,Germany,54,0,0.9869102943845537,High Risk,1
4655,Brazil,55,0,0.012167193808414196,Low Risk,0
6965,Canada,23,0,0.9844586626152908,High Risk,1
3844,USA,58,0,0.9906683766224665,High Risk,1
8044,Australia,31,0,0.9909316987129305,High Risk,1
1024,India,27,0,0.9910369577197998,High Risk,1
5804,UK,24,0,0.9527641203704796,High Risk,1
625,USA,18,0,0.9901492233316112,High Risk,1
1037,USA,30,0,0.9886558222630639,High Risk,1
7474,India,42,0,0.9790580916319794,High Risk,1
7193,Brazil,42,0,0.9522262420883084,High Risk,1
6752,UK,25,0,0.008821008589738548,Low Risk,0
6472,South Africa,41,0,0.9927479817950288,High Risk,1
6365,USA,22,0,0.009716683356356722,Low Risk,0
7758,Germany,62,0,0.9912608933526207,High Risk,1
8063,Canada,34,0,0.014914737301574476,Low Risk,0
3780,Canada,19,0,0.007823405973473242,Low Risk,0
2812,Brazil,19,0,0.9995974020034621,High Risk,1
7804,France,19,0,0.008341761106386894,Low Risk,0
3927,India,35,0,0.6501582461509807,Medium Risk,1
353,UK,37,0,0.9976435094237995,High Risk,1
9250,Brazil,26,0,0.9957867622072523,High Risk,1
6716,UK,66,0,0.5765504779451193,Medium Risk,0
7786,France,28,0,0.9895096604620403,High Risk,1
4268,Japan,49,0,0.007823405973473242,Low Risk,0
899,USA,20,0,0.989115352149968,High Risk,1
9143,South Africa,67,0,0.9867076208702749,High Risk,1
4721,France,48,0,0.9969673564037868,High Risk,1
5030,USA,41,0,0.9993462890936017,High Risk,1
2389,Canada,46,0,0.6983227789489831,Medium Risk,1
6944,UK,31,0,0.9910369577197998,High Risk,1
7187,USA,63,0,0.6493054497905034,Medium Risk,1
1689,Canada,50,0,0.9986714920289924,High Risk,1
7809,USA,21,0,0.01282340597347324,Low Risk,0
6817,USA,42,0,0.6675737145169113,Medium Risk,1
1110,France,30,0,0.533125550372705,Medium Risk,1
6034,South Africa,34,0,0.9878823641659169,High Risk,1
5686,USA,34,0,0.9999078016302724,High Risk,1
9620,Canada,50,0,0.7261986724016296,High Risk,1
2770,Australia,36,0,0.007823405973473242,Low Risk,0
42,USA,37,0,0.999886118191575,High Risk,1
7812,Japan,59,0,0.7109554421773879,High Risk,1
7549,India,60,0,0.007801917467649537,Low Risk,0
8709,Germany,27,0,0.9866232639821887,High Risk,1
3092,USA,19,0,0.008886670451454347,Low Risk,0
5596,France,47,0,0.9986714920289924,High Risk,1
5145,Germany,27,0,0.6475262032803204,Medium Risk,1
2749,USA,22,0,0.9882549925080708,High Risk,1
9646,Australia,42,0,0.9913476086549062,High Risk,1
3216,India,24,0,0.7961672416802787,High Risk,0
8433,USA,21,0,0.9980292400811714,High Risk,1
1366,USA,53,0,0.9548173251963461,High Risk,1
6960,UK,65,0,0.00751018056712802,Low Risk,0
1421,India,19,0,0.9882450190784036,High Risk,1
3888,France,61,0,0.011122835840222755,Low Risk,0
5107,Germany,69,0,0.9846536297147297,High Risk,1
8370,UK,23,0,0.9514265787683077,High Risk,1
2147,Germany,29,0,0.9568996687932231,High Risk,1
1255,UK,60,0,0.9986714920289924,High Risk,1
848,India,54,0,0.6165341248022994,Medium Risk,0
6204,UK,35,0,0.01997072519556826,Low Risk,0
6953,India,18,0,0.6723805690924018,Medium Risk,1
5500,South Africa,22,0,0.9907845414450002,High Risk,1
4007,USA,68,0,0.009716683356356722,Low Risk,0
1459,Canada,68,0,0.9869283554063234,High Risk,1
5239,South Africa,52,0,0.9866449338623074,High Risk,1
2773,Brazil,36,0,0.9994835201950372,High Risk,1
9857,USA,25,0,0.9932517824007964,High Risk,1
2365,USA,59,0,0.99432579250481,High Risk,1
3934,South Africa,69,0,0.9983592258812728,High Risk,1
9229,UK,35,0,0.007823405973473242,Low Risk,0
1522,France,30,0,0.983592567829797,High Risk,1
6557,USA,58,0,0.9896617506611979,High Risk,1
6438,UK,44,0,0.9462976162803394,High Risk,1
1147,India,23,0,0.9986714920289924,High Risk,1
370,Germany,69,0,1.0,High Risk,1
525,USA,32,0,0.9969271485433248,High Risk,1
8735,Canada,48,0,0.9593576022525312,High Risk,1
7829,Australia,18,0,0.7499877306563313,High Risk,0
7974,Australia,24,0,0.009493871751041386,Low Risk,0
6704,India,69,0,0.9899607690349719,High Risk,1
5079,Germany,51,0,0.6202771663144103,Medium Risk,0
8807,USA,48,0,0.9687671736494435,High Risk,1
9733,USA,31,0,0.008573445045109127,Low Risk,0
7143,UK,30,0,0.6765219577187489,Medium Risk,1
8781,USA,40,0,0.9986714920289924,High Risk,1
7037,Canada,30,0,0.011634213944614627,Low Risk,0
1064,Germany,48,0,0.007823405973473242,Low Risk,0
1872,Canada,43,0,0.9986714920289924,High Risk,1
791,UK,62,0,0.6263930182961259,Medium Risk,1
4887,France,48,0,0.9905409577942094,High Risk,1
2858,Canada,35,0,0.9995974020034621,High Risk,1
1134,India,39,0,0.9891518777780384,High Risk,1
12,Germany,28,0,0.9934686772258695,High Risk,1
7533,Germany,18,0,0.7079367123626338,High Risk,1
8900,UK,27,0,0.9906552253595267,High Risk,1
2424,France,64,0,0.544385911086195,Medium Risk,1
9228,USA,49,0,0.6984169160793933,Medium Risk,1
1112,France,44,0,0.9894077117286483,High Risk,1
6940,South Africa,65,0,0.9987750261932665,High Risk,1
4906,Brazil,40,0,0.6746195888012849,Medium Risk,1
2135,Canada,63,0,0.992840916067419,High Risk,1
9686,France,25,0,0.9928701178274225,High Risk,1
1663,UK,51,0,0.9922675273780348,High Risk,1
9688,Germany,19,0,0.9663249780277872,High Risk,1
4129,Germany,70,0,0.007823405973473242,Low Risk,0
3008,USA,41,0,0.9999078016302724,High Risk,1
2255,Brazil,58,0,0.7109898879116194,High Risk,1
1598,Germany,61,0,0.9864847862232528,High Risk,1
1447,UK,59,0,0.7735014094007672,High Risk,1
9425,USA,65,0,0.99338079860592,High Risk,1
6280,Australia,49,0,0.008886670451454347,Low Risk,0
8623,Brazil,46,0,0.6322097796327644,Medium Risk,1
9247,Canada,41,0,0.9884771283812512,High Risk,1
5366,India,36,0,0.9909316987129305,High Risk,1
9894,UK,41,0,0.9941169011722607,High Risk,1
278,India,48,0,0.9847296343046659,High Risk,1
5265,Japan,44,0,0.007823405973473242,Low Risk,0
7470,India,60,0,0.9922675273780348,High Risk,1
9546,France,21,0,0.9924390212841682,High Risk,1
3,Australia,69,0,0.9875253881383175,High Risk,1
6545,Brazil,42,0,0.6127924773310807,Medium Risk,1
610,USA,37,0,0.9917847410829798,High Risk,1
7747,USA,48,0,0.9977989023803779,High Risk,1
7265,Canada,37,0,0.9986714920289924,High Risk,1
420,Germany,60,0,0.9913476086549062,High Risk,1
6046,USA,34,0,0.5724480196350361,Medium Risk,1
6805,USA,61,0,0.989562182470101,High Risk,1
606,USA,31,0,0.9556598022023292,High Risk,1
8470,UK,32,0,0.9782601239945614,High Risk,1
3100,Australia,64,0,0.9902983945445074,High Risk,1
1111,India,47,0,0.9995974020034621,High Risk,1
5024,Brazil,67,0,0.989592807516699,High Risk,1
6205,USA,61,0,0.7159114096073184,High Risk,1
8753,USA,32,0,0.9986714920289924,High Risk,1
6191,USA,62,0,0.9986714920289924,High Risk,1
7431,USA,68,0,0.7418226078406549,High Risk,1
4200,Japan,27,0,0.9991650678608961,High Risk,1
9746,Canada,44,0,0.009716683356356722,Low Risk,0
8057,Brazil,41,0,0.6203083831363507,Medium Risk,1
7725,Brazil,41,0,0.9895453218379469,High Risk,1
7387,USA,41,0,0.9916630632787866,High Risk,1
5546,Canada,26,0,0.00751018056712802,Low Risk,0
1912,USA,50,0,0.9923635855517067,High Risk,1
4896,India,59,0,0.9876485615232958,High Risk,1
3273,Brazil,19,0,0.9902825620318039,High Risk,1
5337,South Africa,50,0,0.9930886133000573,High Risk,1
3009,Brazil,62,0,0.9887098766198282,High Risk,1
3317,Brazil,23,0,0.008886670451454347,Low Risk,0
7183,UK,69,0,0.9870364101726296,High Risk,1
913,Brazil,29,0,0.9995974020034621,High Risk,1
1775,Germany,61,0,0.6679399784222605,Medium Risk,1
6997,USA,69,0,0.9855931169095258,High Risk,1
26,Brazil,20,0,0.7670569704002519,High Risk,1
8947,Brazil,51,0,0.995476111272146,High Risk,1
629,Brazil,63,0,0.9928359981850741,High Risk,1
2279,France,51,0,0.9879571942764739,High Risk,1
8145,USA,45,0,0.9920004698310215,High Risk,1
8079,Germany,56,0,0.98671299431187,High Risk,1
8990,Japan,25,0,0.9906605665523277,High Risk,1
2048,Australia,33,0,0.9921462703474125,High Risk,1
5528,Germany,35,0,0.9935175273424097,High Risk,1
8835,USA,25,0,0.9904898548366395,High Risk,1
3500,India,60,0,0.9940055155217755,High Risk,1
7398,USA,58,0,0.9960927650812701,High Risk,1
3924,USA,27,0,0.9881683501407896,High Risk,1
3461,USA,37,0,0.988656057929167,High Risk,1
3561,India,58,0,0.9567956648800978,High Risk,1
6025,Brazil,24,0,0.9986714920289924,High Risk,1
3752,UK,30,0,0.9921555401855197,High Risk,1
2719,India,26,0,0.007801917467649537,Low Risk,0
8068,South Africa,45,0,0.783328817413031,High Risk,1
4888,Japan,47,0,0.9986714920289924,High Risk,1
4984,Canada,18,0,0.9906963262147714,High Risk,1
1054,USA,40,0,0.007823405973473242,Low Risk,0
2877,Canada,25,0,0.9852990144484502,High Risk,1
4828,Australia,22,0,0.9711658785676142,High Risk,1
391,Japan,50,0,0.7264813064342545,High Risk,0
1599,France,32,0,0.9605749002713759,High Risk,1
184,UK,36,0,0.9989343747224615,High Risk,1
7545,France,21,0,0.9898060308630189,High Risk,1
7369,Germany,39,0,0.7939726428995789,High Risk,1
3939,France,28,0,0.009970725195568263,Low Risk,0
9888,India,32,0,0.5733832101121163,Medium Risk,1
8693,UK,22,0,0.009213686837452034,Low Risk,0
8119,USA,37,0,0.9877777855418371,High Risk,1
7407,Brazil,41,0,0.007823405973473242,Low Risk,0
7877,Japan,41,0,0.9868810458014134,High Risk,1
4982,Australia,59,0,0.7538498488296272,High Risk,1
5980,South Africa,43,0,0.9885047492244183,High Risk,1
396,India,21,0,0.6942573175554811,Medium Risk,1
9669,USA,48,0,0.9673581503075532,High Risk,1
8876,UK,49,0,0.6223835181931213,Medium Risk,1
8096,Germany,65,0,0.9829031063128957,High Risk,1
9977,Germany,66,0,0.991762552734588,High Risk,1
9955,UK,36,0,0.9695434628523278,High Risk,1
7194,UK,57,0,0.9517636826136546,High Risk,1
902,France,34,0,0.9973856058627374,High Risk,1
8462,Canada,38,0,0.9901543200533696,High Risk,1
1608,Brazil,34,0,0.5902052012027516,Medium Risk,1
6417,USA,57,0,0.9992863248915184,High Risk,1
1192,South Africa,51,0,0.9986714920289924,High Risk,1
7701,USA,70,0,0.9907605749921942,High Risk,1
630,Germany,18,0,0.9796651670368364,High Risk,1
5935,Australia,28,0,0.9986714920289924,High Risk,1
3285,Japan,52,0,0.009213686837452034,Low Risk,0
2905,India,34,0,0.7012085046793882,High Risk,1
7483,Canada,23,0,0.9883697298141998,High Risk,1
9902,Brazil,64,0,0.6541447088128914,Medium Risk,1
5846,Germany,70,0,0.9916450309758825,High Risk,1
6415,UK,70,0,0.6898263716235479,Medium Risk,1
6138,USA,45,0,0.9911759566401246,High Risk,1
2354,Canada,59,0,0.748785271739763,High Risk,1
3576,Australia,49,0,0.9601147281485624,High Risk,1
849,Brazil,67,0,0.9887098766198282,High Risk,1
2632,France,27,0,0.9631551144536938,High Risk,1
7484,USA,61,0,0.008900461431106814,Low Risk,0
9077,India,57,0,0.9875553477799192,High Risk,1
7493,USA,24,0,0.7859514812521189,High Risk,1
7782,Canada,58,0,0.9617251471638656,High Risk,1
8392,UK,54,0,0.9504535823475128,High Risk,1
2775,Brazil,41,0,0.999215281699315,High Risk,1
288,UK,56,0,0.9934778274824843,High Risk,1
6423,USA,64,0,0.9433990107639626,High Risk,1
5368,Brazil,41,0,0.9940754860443985,High Risk,1
6090,Brazil,52,0,0.9930886133000573,High Risk,1
4883,USA,42,0,0.719940950251409,High Risk,1
9499,Germany,68,0,0.9934388900439656,High Risk,1
6066,Brazil,32,0,0.9905409577942094,High Risk,1
3791,UK,54,0,0.008886670451454347,Low Risk,0
4933,UK,33,0,0.9602574554050937,High Risk,1
9544,Canada,54,0,0.9896685158010673,High Risk,1
3464,Canada,34,0,0.9947697955388787,High Risk,1
8532,Australia,58,0,0.7252410247921129,High Risk,1
3751,Brazil,51,0,0.9863195332647428,High Risk,1
3038,South Africa,30,0,0.9905816693843263,High Risk,1
507,Germany,59,0,0.9941169011722607,High Risk,1
9793,India,70,0,0.9986714920289924,High Risk,1
5597,UK,36,0,0.9914523834420125,High Risk,1
6137,India,54,0,0.9878102806536083,High Risk,1
3192,UK,64,0,0.010334401428685087,Low Risk,0
3581,USA,19,0,0.9987233267848804,High Risk,1
7559,USA,33,0,0.9999078016302724,High Risk,1
2593,India,25,0,0.9916465353087941,High Risk,1
6977,USA,61,0,0.9912361251976357,High Risk,1
7342,India,45,0,0.9995974020034621,High Risk,1
8267,India,69,0,0.9925203711741415,High Risk,1
4719,India,21,0,0.9995974020034621,High Risk,1
1937,France,47,0,0.9876330668768399,High Risk,1
7131,France,62,0,0.9860823304212348,High Risk,1
5927,Canada,18,0,0.7119326804764425,High Risk,1
623,UK,19,0,0.993130023199329,High Risk,1
8314,Brazil,32,0,0.007823405973473242,Low Risk,0
2859,Brazil,45,0,0.6966470325406763,Medium Risk,1
6003,South Africa,45,0,0.9860672517363419,High Risk,1
905,USA,33,0,0.012186100318203861,Low Risk,0
5720,Canada,53,0,0.9922675273780348,High Risk,1
2942,Germany,45,0,0.9872818452773727,High Risk,1
4169,USA,33,0,0.9894531234682193,High Risk,1
8272,USA,36,0,0.9888908178867086,High Risk,1
8701,Canada,69,0,0.9911037291575364,High Risk,1
2223,USA,63,0,0.9954023659639302,High Risk,1
5156,UK,40,0,0.9986714920289924,High Risk,1
1636,France,56,0,0.6250893103890798,Medium Risk,1
5715,USA,32,0,0.655874709928876,Medium Risk,0
4018,Australia,46,0,0.6302021177715984,Medium Risk,1
5673,USA,31,0,0.007823405973473242,Low Risk,0
4904,France,65,0,0.9855916230574645,High Risk,1
9901,India,22,0,0.948576323656291,High Risk,1
9694,Germany,34,0,0.9940337902877784,High Risk,1
8830,USA,57,0,0.9908975269154421,High Risk,1
7403,France,23,0,0.9642060973746999,High Risk,1
1173,USA,42,0,0.9826059250697721,High Risk,1
9406,Brazil,49,0,0.7707094595019125,High Risk,0
7584,Japan,54,0,0.008821008589738548,Low Risk,0
3162,Australia,34,0,0.9913476086549062,High Risk,1
1706,France,36,0,0.00945237006265461,Low Risk,0
1156,USA,33,0,0.007823405973473242,Low Risk,0
7363,USA,28,0,0.9985576102205674,High Risk,1
1899,USA,41,0,0.007823405973473242,Low Risk,0
3054,UK,20,0,0.9672328635378318,High Risk,1
3357,India,40,0,0.9925799551863186,High Risk,1
2388,Australia,49,0,0.6607700592474244,Medium Risk,1
8845,USA,28,0,0.9985576102205674,High Risk,1
6928,Canada,53,0,0.9961762749444709,High Risk,1
6261,India,66,0,0.9906963262147714,High Risk,1
5197,India,22,0,0.9919268958730063,High Risk,1
9397,France,29,0,0.9986714920289924,High Risk,1
8495,UK,35,0,0.9986714920289924,High Risk,1
2203,Germany,44,0,0.9919196285848397,High Risk,1
1576,UK,31,0,0.9936879871299082,High Risk,1
2571,India,18,0,0.957985519262089,High Risk,1
3326,UK,41,0,0.9877450624417746,High Risk,1
7525,USA,61,0,0.983854532793048,High Risk,1
5218,India,68,0,0.9867417702424546,High Risk,1
7815,USA,51,0,0.9476614425510816,High Risk,1
285,UK,21,0,0.9994835201950372,High Risk,1
506,India,20,0,0.9901170389966713,High Risk,1
9013,Germany,46,0,0.6054745104042998,Medium Risk,1
8648,Canada,35,0,0.7610855887526036,High Risk,1
9848,Canada,47,0,0.9755028729928887,High Risk,1
8813,France,52,0,0.006556243792552164,Low Risk,0
8359,India,37,0,0.007801917467649537,Low Risk,0
1231,France,23,0,0.9895359537070826,High Risk,1
1377,Germany,22,0,0.988315019835627,High Risk,1
7636,USA,32,0,0.9651377557867622,High Risk,1
2622,India,60,0,0.007801917467649537,Low Risk,0
3430,UK,69,0,0.989055750174083,High Risk,1
771,USA,55,0,0.9913601850722848,High Risk,1
7205,India,69,0,0.9883556958691828,High Risk,1
5609,France,38,0,0.6047422027044966,Medium Risk,0
1621,Germany,35,0,0.9883547196955526,High Risk,1
6810,India,32,0,0.9986714920289924,High Risk,1
2136,USA,23,0,0.9913476086549062,High Risk,1
4619,USA,63,0,0.007823405973473242,Low Risk,0
482,India,39,0,0.9949801113465554,High Risk,1
7724,France,21,0,1.0,High Risk,1
3389,India,33,0,0.007801917467649537,Low Risk,0
4610,Canada,21,0,0.9870154296996922,High Risk,1
2530,UK,56,0,0.5887541651069159,Medium Risk,1
8388,USA,52,0,0.9883326420684075,High Risk,1
3113,South Africa,66,0,0.9901543200533696,High Risk,1
1480,India,52,0,1.0,High Risk,1
3865,France,68,0,0.9607938982296623,High Risk,1
6673,USA,46,0,0.9951033847046122,High Risk,1
6209,Canada,49,0,0.9919209973442905,High Risk,1
1622,India,57,0,1.0,High Risk,1
6715,USA,62,0,0.6721767352358221,Medium Risk,0
3503,France,59,0,0.9971857193409306,High Risk,1
2590,Australia,39,0,0.008181993134642096,Low Risk,0
529,Australia,21,0,0.985476229724542,High Risk,1
7645,Brazil,55,0,0.753450786313541,High Risk,1
9678,USA,22,0,0.009716683356356722,Low Risk,0
5854,Germany,38,0,0.9928664044193448,High Risk,1
3975,Germany,53,0,0.6307790781197948,Medium Risk,1
4800,USA,41,0,0.9913476086549062,High Risk,1
3124,South Africa,69,0,0.9497334810370465,High Risk,1
4285,Canada,46,0,0.989452082800392,High Risk,1
6007,USA,51,0,0.9913476086549062,High Risk,1
2100,USA,54,0,0.9995974020034621,High Risk,1
9841,Canada,47,0,0.9922675273780348,High Risk,1
6355,Brazil,65,0,0.9995974020034621,High Risk,1
2991,India,54,0,0.9888427952745846,High Risk,1
6750,UK,64,0,0.9986714920289924,High Risk,1
346,Japan,61,0,0.9897432972636043,High Risk,1
4187,India,53,0,0.9991537035964276,High Risk,1
5470,USA,40,0,0.9868810458014134,High Risk,1
7117,Brazil,64,0,0.9874642519290693,High Risk,1
960,South Africa,46,0,0.9995974020034621,High Risk,1
2677,Brazil,61,0,0.9979867781335231,High Risk,1
9093,Australia,43,0,0.9896228664392309,High Risk,1
3223,France,62,0,0.9985142273119382,High Risk,1
7767,Brazil,45,0,0.989558848433169,High Risk,1
4638,Australia,54,0,0.9885839643712767,High Risk,1
8597,USA,24,0,0.9905067042114887,High Risk,1
4438,UK,66,0,0.6287520977605304,Medium Risk,1
4593,USA,62,0,0.7305110604767464,High Risk,1
5668,India,30,0,0.9787096351985848,High Risk,1
1160,USA,26,0,0.009716683356356722,Low Risk,0
8024,India,19,0,0.9882450190784036,High Risk,1
1627,India,61,0,0.9898672498382658,High Risk,1
1082,India,63,0,0.9916465353087941,High Risk,1
2712,Brazil,58,0,0.007823405973473242,Low Risk,0
6153,USA,59,0,0.6160163709620945,Medium Risk,1
9169,Brazil,18,0,0.9936200010787486,High Risk,1
9743,UK,21,0,0.013341761106386893,Low Risk,0
2297,Germany,52,0,0.008886670451454347,Low Risk,0
645,USA,55,0,0.9965350289155992,High Risk,1
3310,Japan,39,0,0.9870493020066712,High Risk,1
1409,Germany,18,0,0.9995974020034621,High Risk,1
4069,USA,29,0,0.9896475436286265,High Risk,1
2489,India,21,0,0.9913354581968502,High Risk,1
4706,Japan,62,0,0.9884686009755077,High Risk,1
685,UK,25,0,0.9952094426313116,High Risk,1
9540,USA,41,0,0.01110392933043309,Low Risk,0
7051,Canada,62,0,0.9877223522226418,High Risk,1
1015,Australia,22,0,0.9907871685613944,High Risk,1
3763,USA,67,0,0.9574009570868554,High Risk,1
4780,France,21,0,0.7300774353541418,High Risk,1
4579,France,34,0,0.9995974020034621,High Risk,1
8790,Germany,58,0,0.007823405973473242,Low Risk,0
9172,Australia,21,0,0.007823405973473242,Low Risk,0
1720,USA,18,0,0.007823405973473242,Low Risk,0
9118,USA,43,0,0.6021938715509284,Medium Risk,0
6689,Brazil,29,0,0.008573445045109127,Low Risk,0
1803,India,44,0,0.9905546232651745,High Risk,1
2035,India,45,0,0.007801917467649537,Low Risk,0
9932,USA,65,0,0.9986714920289924,High Risk,1
6938,Brazil,65,0,0.007823405973473242,Low Risk,0
1596,Australia,23,0,0.9479412570407001,High Risk,1
9651,Germany,42,0,0.9892274446462278,High Risk,1
3122,France,48,0,0.9919582713171974,High Risk,1
2494,UK,36,0,0.9860520315251766,High Risk,1
9745,USA,56,0,0.9963534736101862,High Risk,1
6023,India,23,0,0.723135437486315,High Risk,1
3577,USA,32,0,0.9995974020034621,High Risk,1
756,India,54,0,0.6407195181323708,Medium Risk,1
1787,Japan,67,0,0.9860007073252475,High Risk,1
6440,Canada,26,0,0.9496796908858528,High Risk,1
3630,Germany,44,0,0.9950351046274526,High Risk,1
4114,USA,61,0,0.9950432813973898,High Risk,1
4742,Germany,45,0,0.9597533216947489,High Risk,1
5132,India,40,0,0.725537416891074,High Risk,1
6311,Germany,37,0,0.9986714920289924,High Risk,1
3364,Brazil,32,0,0.6566453343834252,Medium Risk,1
8929,USA,54,0,0.9862923281919744,High Risk,1
8638,Brazil,35,0,0.6134884244637642,Medium Risk,1
9571,USA,22,0,0.9994835201950372,High Risk,1
8118,France,48,0,0.9894240648073246,High Risk,1
8601,Canada,24,0,0.9919543019716894,High Risk,1
6312,India,68,0,0.9936936068540507,High Risk,1
809,USA,36,0,0.9999078016302724,High Risk,1
9388,Brazil,25,0,0.9986714920289924,High Risk,1
5917,India,60,0,0.9916282219168003,High Risk,1
1450,India,35,0,0.014493871751041386,Low Risk,0
3545,USA,39,0,0.9856627280047805,High Risk,1
1035,Brazil,26,0,0.9930568914260185,High Risk,1
7572,UK,39,0,0.007823405973473242,Low Risk,0
9803,USA,35,0,0.007967488919486827,Low Risk,0
4419,India,58,0,0.9946485385082565,High Risk,1
1005,Brazil,26,0,0.9891013660721905,High Risk,1
9398,UK,64,0,0.9920958753632532,High Risk,1
636,South Africa,55,0,0.9884897592424182,High Risk,1
2235,USA,26,0,0.9889829024507989,High Risk,1
4363,Brazil,67,0,0.594155491731522,Medium Risk,1
2790,UK,30,0,0.9869209973442905,High Risk,1
3304,Japan,55,0,0.9513228526303956,High Risk,1
742,Japan,64,0,0.9913476086549062,High Risk,1
9368,India,49,0,0.7566379958917796,High Risk,1
9971,India,25,0,0.9916465353087941,High Risk,1
1205,Brazil,55,0,0.9738733385758264,High Risk,1
4935,Canada,60,0,0.9926663115366162,High Risk,1
7280,Canada,68,0,0.00902105434973304,Low Risk,0
1673,UK,21,0,0.9913476086549062,High Risk,1
7705,France,40,0,0.9811683601351229,High Risk,1
5469,South Africa,33,0,0.9878687962836277,High Risk,1
5773,USA,69,0,0.7193366473971973,High Risk,1
1832,USA,20,0,0.6941607126385696,Medium Risk,1
2915,UK,64,0,0.9938358483912972,High Risk,1
2681,France,62,0,0.010779947834337826,Low Risk,0
4535,Germany,41,0,0.007823405973473242,Low Risk,0
323,Brazil,58,0,0.991226351624284,High Risk,1
9244,USA,67,0,0.9828729464054401,High Risk,1
4808,France,28,0,0.9647748185894656,High Risk,1
180,India,38,0,0.008865181945630643,Low Risk,0
4234,France,53,0,0.007823405973473242,Low Risk,0
4526,France,22,0,0.9933685775796027,High Risk,1
5462,USA,63,0,0.9934377746902916,High Risk,1
4247,USA,60,0,0.7459807102087762,High Risk,1
9683,India,18,0,0.7584738283857981,High Risk,1
7161,Japan,43,0,0.7270076683946098,High Risk,1
8442,Brazil,48,0,0.008886670451454347,Low Risk,0
5444,Japan,63,0,0.9566855459653592,High Risk,1
1799,USA,61,0,0.9913476086549062,High Risk,1
8569,India,20,0,0.9624312240881239,High Risk,1
8274,South Africa,59,0,0.013741429892347817,Low Risk,0
8124,USA,54,0,0.9975279359960298,High Risk,1
6987,Canada,63,0,0.9878948765063736,High Risk,1
9050,USA,60,0,0.9918894717958038,High Risk,1
7832,Australia,42,0,0.9587600486646702,High Risk,1
5671,India,54,0,0.010036308372137936,Low Risk,0
1119,South Africa,35,0,0.9921222868189282,High Risk,1
4687,UK,42,0,0.6779918153586061,Medium Risk,1
9227,Germany,66,0,0.9877107593197252,High Risk,1
4815,Australia,55,0,0.9907147792762833,High Risk,1
3479,USA,59,0,0.9500106994925409,High Risk,1
9758,USA,21,0,0.986557629940654,High Risk,1
8806,UK,25,0,0.009716683356356722,Low Risk,0
1595,South Africa,69,0,0.5884629999029751,Medium Risk,1
3060,Brazil,21,0,0.9907147792762833,High Risk,1
6986,India,33,0,0.9891013660721905,High Risk,1
8590,Brazil,45,0,0.9642894980948387,High Risk,1
4394,Brazil,62,0,0.9916346979994118,High Risk,1
602,UK,21,0,0.974164435715054,High Risk,1
1244,France,53,0,0.9913476086549062,High Risk,1
3981,USA,45,0,0.9995974020034621,High Risk,1
2539,UK,60,0,0.9527303544559262,High Risk,1
1553,Australia,70,0,0.9936264047095897,High Risk,1
1141,USA,61,0,0.989569936113511,High Risk,1
1896,India,62,0,0.999886118191575,High Risk,1
8404,Germany,37,0,0.007823405973473242,Low Risk,0
5536,Japan,29,0,0.9889838093012762,High Risk,1
1308,USA,31,0,0.9921753290083073,High Risk,1
2618,USA,41,0,0.7460348603544256,High Risk,1
1962,USA,50,0,0.9885168282411767,High Risk,1
424,India,45,0,0.9985502349983701,High Risk,1
8972,Brazil,53,0,0.9625547319403577,High Risk,1
9734,Canada,27,0,0.9866920138389326,High Risk,1
8571,Australia,18,0,0.9904898548366395,High Risk,1
4398,South Africa,31,0,0.9912023680957996,High Risk,1
951,South Africa,45,0,0.7964890389038313,High Risk,1
4708,Japan,38,0,0.9868846463266516,High Risk,1
1411,India,60,0,0.9900200312061571,High Risk,1
3733,UK,69,0,0.9922675273780348,High Risk,1
2830,USA,30,0,0.990792752128336,High Risk,1
8496,France,64,0,0.6558561811565851,Medium Risk,1
1701,India,24,0,0.9921875972060213,High Risk,1
2257,Australia,68,0,0.9922675273780348,High Risk,1
7822,UK,44,0,0.9956147624078002,High Risk,1
1444,Canada,62,0,0.014716683356356721,Low Risk,0
3498,Canada,31,0,0.5776701378553885,Medium Risk,1
4282,USA,23,0,0.9986714920289924,High Risk,1
8142,India,57,0,0.9885836356521226,High Risk,1
2166,USA,41,0,0.7255227808783681,High Risk,1
8237,Brazil,20,0,0.9991537035964276,High Risk,1
9060,UK,62,0,0.9910036913144655,High Risk,1
4342,Germany,27,0,0.9986232976105177,High Risk,1
3947,Germany,68,0,0.9878206127110484,High Risk,1
6358,USA,25,0,0.9920958753632532,High Risk,1
7563,India,53,0,0.009493871751041386,Low Risk,0
1199,France,22,0,0.9939679514094537,High Risk,1
1886,UK,46,0,0.9869543019716894,High Risk,1
7093,France,58,0,0.9887987135132255,High Risk,1
219,UK,29,0,0.9899607690349719,High Risk,1
4328,Australia,29,0,0.9897820784760502,High Risk,1
8324,USA,59,0,0.991276377477473,High Risk,1
9891,USA,38,0,0.9911759566401246,High Risk,1
6460,India,58,0,0.6008009041235014,Medium Risk,1
3969,UK,67,0,0.9891013660721905,High Risk,1
3236,Germany,52,0,0.986557629940654,High Risk,1
1185,Brazil,60,0,0.6646188274179492,Medium Risk,1
7170,UK,70,0,0.6657322762337807,Medium Risk,1
8622,Canada,61,0,0.7218149273167209,High Risk,1
8864,USA,31,0,0.9889486519421158,High Risk,1
5040,France,33,0,0.9599396429855629,High Risk,1
8313,Australia,39,0,0.9829902624577492,High Risk,1
1146,India,46,0,0.9910369577197998,High Risk,1
9197,USA,18,0,0.007823405973473242,Low Risk,0
2207,Japan,33,0,0.9911133386576111,High Risk,1
5354,UK,36,0,0.9870728326423461,High Risk,1
1094,Canada,33,0,0.6942571918760051,Medium Risk,0
520,India,47,0,0.9916202420637518,High Risk,1
648,Brazil,68,0,0.9979867781335231,High Risk,1
9253,Brazil,32,0,0.988656057929167,High Risk,1
7002,UK,27,0,0.00751018056712802,Low Risk,0
7991,Australia,26,0,0.9897820784760502,High Risk,1
4771,Japan,62,0,0.9952114624778639,High Risk,1
24,India,27,0,0.9658881756879956,High Risk,1
2946,UK,50,0,0.9648665172996174,High Risk,1
8759,India,48,0,0.9927479817950288,High Risk,1
4308,Germany,64,0,0.9900353243423698,High Risk,1
6208,India,47,0,0.9914745419883032,High Risk,1
1918,India,35,0,0.9922675273780348,High Risk,1
263,UK,59,0,0.947207838142354,High Risk,1
9655,Canada,46,0,0.9622305123695274,High Risk,1
1873,India,33,0,0.007801917467649537,Low Risk,0
7679,South Africa,28,0,0.9678610874415733,High Risk,1
1334,Germany,26,0,0.007619508270533271,Low Risk,0
140,UK,59,0,0.012227678811568568,Low Risk,0
6310,France,44,0,0.9894077117286483,High Risk,1
3488,India,20,0,0.9924267871111181,High Risk,1
1853,France,57,0,0.9912116629924761,High Risk,1
6160,Australia,70,0,0.9585510832741089,High Risk,1
9442,Canada,66,0,0.9884844059143855,High Risk,1
7931,Canada,36,0,0.9915975814835309,High Risk,1
2215,USA,64,0,0.715676125654888,High Risk,1
8511,USA,19,0,0.9872080621874112,High Risk,1
4677,USA,32,0,0.9933878054944618,High Risk,1
8563,France,23,0,1.0,High Risk,1
9722,UK,63,0,0.9567134410783928,High Risk,1
9718,Canada,50,0,0.014716683356356721,Low Risk,0
7087,India,41,0,0.9964504689886633,High Risk,1
4953,Brazil,23,0,0.6244544780120964,Medium Risk,1
5583,Germany,65,0,0.9870210570890501,High Risk,1
5463,India,51,0,0.007801917467649537,Low Risk,0
3687,South Africa,32,0,0.009981685004517573,Low Risk,0
5664,South Africa,25,0,0.99662420680426,High Risk,1
8257,Germany,59,0,0.008886670451454347,Low Risk,0
2914,France,32,0,0.9879094496044456,High Risk,1
6021,South Africa,45,0,0.012678165414366711,Low Risk,0
4303,Brazil,68,0,0.6976308972996891,Medium Risk,1
8319,France,38,0,0.992691966304612,High Risk,1
2993,India,59,0,0.5767912553957953,Medium Risk,1
4132,France,65,0,0.9928081929905953,High Risk,1
5323,India,60,0,0.008341761106386894,Low Risk,0
5908,Brazil,26,0,0.9868810458014134,High Risk,1
3694,USA,61,0,0.6450338520996861,Medium Risk,1
3829,South Africa,36,0,0.9975662404915411,High Risk,1
4396,USA,21,0,0.7467530169078995,High Risk,1
7876,Japan,43,0,0.7287246991111719,High Risk,1
3789,Australia,42,0,0.9884787298398255,High Risk,1
9106,Brazil,59,0,0.5552913687216591,Medium Risk,1
7438,Germany,47,0,0.007946524656530958,Low Risk,0
5350,UK,22,0,0.007823405973473242,Low Risk,0
8585,Canada,67,0,0.6354793845889412,Medium Risk,1
2193,Canada,66,0,0.007823405973473242,Low Risk,0
1637,USA,55,0,0.9992443403602097,High Risk,1
1626,USA,28,0,0.9861834280734963,High Risk,1
5736,Canada,40,0,0.995900030069684,High Risk,1
9805,India,46,0,0.9990358894667914,High Risk,1
5452,Canada,66,0,0.9861346926060385,High Risk,1
5600,India,48,0,0.007801917467649537,Low Risk,0
8053,India,56,0,0.9986714920289924,High Risk,1
2934,France,48,0,0.9928081929905953,High Risk,1
4236,India,63,0,0.007801917467649537,Low Risk,0
3215,India,44,0,1.0,High Risk,1
9846,Brazil,68,0,0.6361891446524226,Medium Risk,1
2935,India,24,0,0.9556717741627012,High Risk,1
9667,Canada,37,0,0.9981812190530952,High Risk,1
8155,Australia,40,0,0.9986714920289924,High Risk,1
9953,Germany,27,0,0.9868810458014134,High Risk,1
9859,France,33,0,0.9890354701513289,High Risk,1
9834,Australia,30,0,0.011106964220335516,Low Risk,0
7422,Germany,50,0,0.6990029175283132,Medium Risk,1
1169,France,67,0,0.9850151477218603,High Risk,1
5764,Canada,57,0,0.9913525278875847,High Risk,1
7994,France,29,0,0.9995974020034621,High Risk,1
1072,India,52,0,0.596163859037079,Medium Risk,1
2772,Canada,62,0,0.9897432972636043,High Risk,1
2653,Germany,29,0,0.007823405973473242,Low Risk,0
131,Brazil,54,0,0.9938998460115799,High Risk,1
